,precision,recall,f1-score,support
business,1.0,1.0,1.0,10.0
government,0.6470588235294118,0.7857142857142857,0.7096774193548387,14.0
industry,1.0,0.25,0.4,4.0
macro,0.9368421052631579,0.9270833333333334,0.9319371727748691,96.0
other,0.0,0.0,0.0,2.0
personal,0.5,0.3333333333333333,0.4,3.0
accuracy,0.8682170542635659,0.8682170542635659,0.8682170542635659,0.8682170542635659
macro avg,0.6806501547987617,0.5493551587301587,0.573602432021618,129.0
weighted avg,0.8875632994936041,0.8682170542635659,0.8697787012198077,129.0
