,precision,recall,f1-score,support
energy,1.0,0.7777777777777778,0.875,9.0
housing,1.0,1.0,1.0,3.0
interest,1.0,1.0,1.0,4.0
jobs,1.0,0.8461538461538461,0.9166666666666666,13.0
macro,0.8,1.0,0.8888888888888888,4.0
market,1.0,1.0,1.0,2.0
none,0.9402985074626866,1.0,0.9692307692307692,63.0
other,0.0,0.0,0.0,1.0
prices,1.0,1.0,1.0,1.0
accuracy,0.95,0.95,0.95,0.95
macro avg,0.860033167495854,0.8471035137701803,0.8499762583095917,100.0
weighted avg,0.9443880597014926,0.95,0.9440876068376067,100.0
