,precision,recall,f1-score,support
better,0.75,1.0,0.8571428571428571,6.0
irrelevant,0.0,0.0,0.0,5.0
none,0.25,0.5,0.3333333333333333,2.0
same,0.0,0.0,0.0,2.0
worse,0.8571428571428571,0.6666666666666666,0.75,9.0
accuracy,0.5416666666666666,0.5416666666666666,0.5416666666666666,0.5416666666666666
macro avg,0.37142857142857144,0.4333333333333333,0.3880952380952381,24.0
weighted avg,0.5297619047619048,0.5416666666666666,0.5233134920634921,24.0
