,precision,recall,f1-score,support
good,1.0,1.0,1.0,1.0
irrelevant,1.0,0.5833333333333334,0.7368421052631579,12.0
none,0.5,1.0,0.6666666666666666,1.0
poor,0.5454545454545454,0.8571428571428571,0.6666666666666666,7.0
accuracy,0.7142857142857143,0.7142857142857143,0.7142857142857143,0.7142857142857143
macro avg,0.7613636363636364,0.8601190476190477,0.7675438596491228,21.0
weighted avg,0.8246753246753246,0.7142857142857143,0.7226399331662489,21.0
