,precision,recall,f1-score,support
good,0.0,0.0,0.0,1.0
none,0.5,1.0,0.6666666666666666,1.0
poor,0.8333333333333334,0.7142857142857143,0.7692307692307692,7.0
accuracy,0.6666666666666666,0.6666666666666666,0.6666666666666666,0.6666666666666666
macro avg,0.4444444444444445,0.5714285714285715,0.47863247863247854,9.0
weighted avg,0.7037037037037037,0.6666666666666666,0.6723646723646723,9.0
