,precision,recall,f1-score,support
neg,0.9166666666666666,0.7586206896551724,0.830188679245283,29.0
neutral,0.8666666666666667,0.8666666666666667,0.8666666666666667,30.0
pos,0.4666666666666667,0.7,0.56,10.0
accuracy,0.7971014492753623,0.7971014492753623,0.7971014492753623,0.7971014492753623
macro avg,0.75,0.775095785440613,0.7522851153039832,69.0
weighted avg,0.8297101449275361,0.7971014492753623,0.8068908941755537,69.0
