,precision,recall,f1-score,support
business,1.0,1.0,1.0,8.0
government,1.0,0.9056603773584906,0.9504950495049505,53.0
macro,0.9333333333333333,1.0,0.9655172413793104,42.0
personal,0.5,1.0,0.6666666666666666,2.0
accuracy,0.9523809523809523,0.9523809523809523,0.9523809523809523,0.9523809523809523
macro avg,0.8583333333333334,0.9764150943396226,0.8956697393877319,105.0
weighted avg,0.9638095238095238,0.9523809523809523,0.9548694770954927,105.0
