,precision,recall,f1-score,support
business,1.0,0.5,0.6666666666666666,14.0
government,0.8823529411764706,0.625,0.7317073170731707,24.0
industry,0.6,0.3333333333333333,0.42857142857142855,9.0
macro,0.8252427184466019,1.0,0.9042553191489362,85.0
other,0.0,0.0,0.0,0.0
personal,0.8,0.6666666666666666,0.7272727272727273,6.0
accuracy,0.8260869565217391,0.8260869565217391,0.8260869565217391,0.8260869565217391
macro avg,0.6845992766038455,0.5208333333333333,0.5764122431221549,138.0
weighted avg,0.8371166786680903,0.8260869565217391,0.811426016605277,138.0
