,precision,recall,f1-score,support
business,0.0,0.0,0.0,1.0
government,0.6,0.75,0.6666666666666665,4.0
industry,0.0,0.0,0.0,1.0
macro,0.7333333333333333,0.8461538461538461,0.7857142857142856,13.0
other,0.0,0.0,0.0,1.0
accuracy,0.7,0.7,0.7,0.7
macro avg,0.26666666666666666,0.31923076923076926,0.29047619047619044,20.0
weighted avg,0.5966666666666667,0.7,0.6440476190476189,20.0
