,precision,recall,f1-score,support
good,0.5,0.6666666666666666,0.5714285714285714,3.0
irrelevant,0.3333333333333333,0.8,0.47058823529411764,5.0
none,1.0,0.3333333333333333,0.5,3.0
poor,0.8333333333333334,0.4166666666666667,0.5555555555555556,12.0
accuracy,0.5217391304347826,0.5217391304347826,0.5217391304347826,0.5217391304347826
macro avg,0.6666666666666666,0.5541666666666667,0.5243930905695611,23.0
weighted avg,0.7028985507246376,0.5217391304347826,0.5319084155401291,23.0
