,precision,recall,f1-score,support
business,1.0,0.7142857142857143,0.8333333333333334,14.0
government,0.9473684210526315,0.75,0.8372093023255814,24.0
industry,0.25,0.1111111111111111,0.15384615384615385,9.0
macro,0.8947368421052632,1.0,0.9444444444444444,85.0
other,0.0,0.0,0.0,0.0
personal,0.7142857142857143,0.8333333333333334,0.7692307692307693,6.0
accuracy,0.8623188405797102,0.8623188405797102,0.8623188405797102,0.8623188405797102
macro avg,0.6343984962406015,0.5681216931216931,0.5896773338633804,138.0
weighted avg,0.8646752751443827,0.8623188405797102,0.8553439688424521,138.0
