,precision,recall,f1-score,support
business,1.0,0.7142857142857143,0.8333333333333334,14.0
government,0.9130434782608695,0.875,0.8936170212765957,24.0
industry,0.5,0.2222222222222222,0.3076923076923077,9.0
macro,0.8947368421052632,1.0,0.9444444444444444,85.0
other,0.0,0.0,0.0,0.0
personal,1.0,0.6666666666666666,0.8,6.0
accuracy,0.8840579710144928,0.8840579710144928,0.8840579710144928,0.8840579710144928
macro avg,0.7179633867276888,0.5796957671957672,0.6298478511244469,138.0
weighted avg,0.8874324279507844,0.8840579710144928,0.8765252443790834,138.0
