,precision,recall,f1-score,support
business,1.0,1.0,1.0,18.0
government,0.88,1.0,0.9361702127659575,22.0
industry,0.5,0.5,0.5,2.0
macro,0.9836065573770492,0.9836065573770492,0.9836065573770492,61.0
other,0.0,0.0,0.0,1.0
personal,1.0,0.6666666666666666,0.8,6.0
accuracy,0.9545454545454546,0.9545454545454546,0.9545454545454546,0.9545454545454546
macro avg,0.7272677595628415,0.6917122040072861,0.7032961283571678,110.0
weighted avg,0.9487272727272728,0.9545454545454546,0.9490522243713732,110.0
