,precision,recall,f1-score,support
better,1.0,0.5,0.6666666666666666,2.0
irrelevant,1.0,0.5833333333333334,0.7368421052631579,12.0
none,1.0,0.5,0.6666666666666666,2.0
same,0.0,0.0,0.0,1.0
worse,0.45454545454545453,1.0,0.625,5.0
accuracy,0.6363636363636364,0.6363636363636364,0.6363636363636364,0.6363636363636364
macro avg,0.6909090909090909,0.5166666666666667,0.5390350877192982,22.0
weighted avg,0.8305785123966942,0.6363636363636364,0.6651714513556619,22.0
