,precision,recall,f1-score,support
better,0.8571428571428571,1.0,0.923076923076923,6.0
none,0.3333333333333333,0.5,0.4,2.0
same,0.0,0.0,0.0,2.0
worse,0.8333333333333334,0.5555555555555556,0.6666666666666667,9.0
accuracy,0.631578947368421,0.631578947368421,0.631578947368421,0.631578947368421
macro avg,0.5059523809523809,0.5138888888888888,0.49743589743589745,19.0
weighted avg,0.7005012531328321,0.631578947368421,0.6493927125506073,19.0
