,precision,recall,f1-score,support
business,1.0,0.14285714285714285,0.25,14.0
government,0.8888888888888888,0.3333333333333333,0.48484848484848486,24.0
industry,0.75,0.3333333333333333,0.46153846153846156,9.0
macro,0.7058823529411765,0.9882352941176471,0.8235294117647058,85.0
personal,1.0,0.6666666666666666,0.8,6.0
accuracy,0.7318840579710145,0.7318840579710145,0.7318840579710145,0.7318840579710145
macro avg,0.868954248366013,0.4928851540616247,0.5639832716303305,138.0
weighted avg,0.7832125603864735,0.7318840579710145,0.68181311442181,138.0
