,precision,recall,f1-score,support
business,0.0,0.0,0.0,14.0
government,0.0,0.0,0.0,24.0
industry,0.0,0.0,0.0,9.0
macro,0.6074074074074074,0.9647058823529412,0.7454545454545455,85.0
personal,0.0,0.0,0.0,6.0
accuracy,0.5942028985507246,0.5942028985507246,0.5942028985507246,0.5942028985507246
macro avg,0.12148148148148148,0.19294117647058823,0.1490909090909091,138.0
weighted avg,0.37412775093934514,0.5942028985507246,0.4591567852437418,138.0
