,precision,recall,f1-score,support
business,0.9444444444444444,0.9444444444444444,0.9444444444444444,18.0
government,0.8461538461538461,1.0,0.9166666666666666,22.0
industry,0.0,0.0,0.0,2.0
macro,0.967741935483871,0.9836065573770492,0.975609756097561,61.0
other,0.0,0.0,0.0,1.0
personal,1.0,0.5,0.6666666666666666,6.0
accuracy,0.9272727272727272,0.9272727272727272,0.9272727272727272,0.9272727272727272
macro avg,0.6263900376803603,0.5713418336369156,0.5838979223125564,110.0
weighted avg,0.9149785698172794,0.9272727272727272,0.9152623798965261,110.0
