,precision,recall,f1-score,support
better,0.6,0.5,0.5454545454545454,6.0
irrelevant,0.6,0.75,0.6666666666666666,4.0
none,1.0,0.5,0.6666666666666666,2.0
same,0.0,0.0,0.0,2.0
worse,0.4,1.0,0.5714285714285714,2.0
accuracy,0.5625,0.5625,0.5625,0.5625
macro avg,0.52,0.55,0.49004329004329,16.0
weighted avg,0.55,0.5625,0.525974025974026,16.0
