,precision,recall,f1-score,support
government,0.625,1.0,0.7692307692307693,5.0
industry,0.3333333333333333,0.5,0.4,2.0
macro,1.0,0.7333333333333333,0.846153846153846,15.0
other,0.0,0.0,0.0,1.0
accuracy,0.7391304347826086,0.7391304347826086,0.7391304347826086,0.7391304347826086
macro avg,0.4895833333333333,0.5583333333333333,0.5038461538461538,23.0
weighted avg,0.8170289855072465,0.7391304347826086,0.7538461538461538,23.0
