,precision,recall,f1-score,support
business,1.0,0.5,0.6666666666666666,12.0
government,1.0,0.8,0.8888888888888888,40.0
industry,0.6666666666666666,0.4,0.5,5.0
macro,0.9523809523809523,0.975609756097561,0.963855421686747,82.0
other,0.0,0.0,0.0,0.0
personal,0.16666666666666666,1.0,0.2857142857142857,2.0
accuracy,0.8652482269503546,0.8652482269503546,0.8652482269503546,0.8652482269503546
macro avg,0.6309523809523808,0.6126016260162602,0.5508542104927646,141.0
weighted avg,0.9486659912191827,0.8652482269503546,0.8912278631581375,141.0
