,precision,recall,f1-score,support
business,1.0,0.7142857142857143,0.8333333333333333,14.0
government,0.9761904761904762,0.9761904761904762,0.9761904761904762,42.0
industry,0.8,0.8,0.8000000000000002,5.0
macro,0.9733333333333334,0.9864864864864865,0.9798657718120806,74.0
personal,0.2,0.5,0.28571428571428575,2.0
accuracy,0.9416058394160584,0.9416058394160584,0.9416058394160584,0.9416058394160584
macro avg,0.789904761904762,0.7953925353925354,0.7750207734100352,137.0
weighted avg,0.9593187347931874,0.9416058394160584,0.947066878483133,137.0
