,precision,recall,f1-score,support
government,1.0,0.6666666666666666,0.8,3.0
industry,0.0,0.0,0.0,0.0
macro,0.875,0.9333333333333333,0.9032258064516129,15.0
other,0.0,0.0,0.0,1.0
accuracy,0.8421052631578947,0.8421052631578947,0.8421052631578947,0.8421052631578947
macro avg,0.46875,0.4,0.4258064516129032,19.0
weighted avg,0.8486842105263158,0.8421052631578947,0.8393887945670628,19.0
