,precision,recall,f1-score,support
government,1.0,0.2222222222222222,0.3636363636363636,9.0
industry,0.0,0.0,0.0,1.0
macro,0.6,1.0,0.7499999999999999,12.0
accuracy,0.6363636363636364,0.6363636363636364,0.6363636363636364,0.6363636363636364
macro avg,0.5333333333333333,0.40740740740740744,0.37121212121212116,22.0
weighted avg,0.7363636363636363,0.6363636363636364,0.5578512396694214,22.0
