,precision,recall,f1-score,support
better,0.8333333333333334,0.8333333333333334,0.8333333333333334,6.0
irrelevant,0.8888888888888888,0.8888888888888888,0.8888888888888888,9.0
none,0.0,0.0,0.0,1.0
worse,0.5,0.6666666666666666,0.5714285714285714,3.0
accuracy,0.7894736842105263,0.7894736842105263,0.7894736842105263,0.7894736842105263
macro avg,0.5555555555555556,0.5972222222222222,0.5734126984126984,19.0
weighted avg,0.7631578947368421,0.7894736842105263,0.7744360902255639,19.0
