,precision,recall,f1-score,support
better,0.8,0.6666666666666666,0.7272727272727273,6.0
irrelevant,0.8888888888888888,0.8888888888888888,0.8888888888888888,9.0
none,0.0,0.0,0.0,1.0
same,0.0,0.0,0.0,0.0
worse,0.5,0.6666666666666666,0.5714285714285714,3.0
accuracy,0.7368421052631579,0.7368421052631579,0.7368421052631579,0.7368421052631579
macro avg,0.4377777777777778,0.44444444444444436,0.43751803751803753,19.0
weighted avg,0.7526315789473684,0.7368421052631579,0.7409432672590567,19.0
