,precision,recall,f1-score,support
business,1.0,0.625,0.7692307692307693,8.0
government,1.0,0.8301886792452831,0.9072164948453608,53.0
macro,0.8076923076923077,1.0,0.8936170212765957,42.0
personal,0.5,1.0,0.6666666666666666,2.0
accuracy,0.8857142857142857,0.8857142857142857,0.8857142857142857,0.8857142857142857
macro avg,0.8269230769230769,0.8637971698113207,0.8091827380048481,105.0
weighted avg,0.9135531135531136,0.8857142857142857,0.8866816057866727,105.0
