,precision,recall,f1-score,support
neg,0.8711656441717791,0.8402366863905325,0.8554216867469879,169.0
neutral,0.7744360902255639,0.7518248175182481,0.762962962962963,137.0
pos,0.7076923076923077,0.7666666666666667,0.736,120.0
accuracy,0.7910798122065728,0.7910798122065728,0.7910798122065728,0.7910798122065728
macro avg,0.784431347363217,0.7862427235251491,0.7847948832366504,426.0
weighted avg,0.7940089557488494,0.7910798122065728,0.7920473966811429,426.0
