,precision,recall,f1-score,support
neg,0.8695652173913043,0.8333333333333334,0.851063829787234,168.0
neutral,0.7883211678832117,0.782608695652174,0.7854545454545454,138.0
pos,0.71875,0.7666666666666667,0.7419354838709677,120.0
accuracy,0.7981220657276995,0.7981220657276995,0.7981220657276995,0.7981220657276995
macro avg,0.7922121284248386,0.7942028985507247,0.7928179530375825,426.0
weighted avg,0.8007635626516957,0.7981220657276995,0.7990697388298091,426.0
