,precision,recall,f1-score,support
business,0.9423076923076923,0.8909090909090909,0.9158878504672897,55.0
government,0.9177215189873418,0.9666666666666667,0.9415584415584415,150.0
industry,0.6111111111111112,0.4782608695652174,0.5365853658536586,23.0
macro,0.9567567567567568,0.9725274725274725,0.9645776566757492,364.0
other,0.0,0.0,0.0,2.0
personal,0.7142857142857143,0.5555555555555556,0.6250000000000001,18.0
accuracy,0.9297385620915033,0.9297385620915033,0.9297385620915033,0.9297385620915033
macro avg,0.6903637989081027,0.6439866092040005,0.6639348857591898,612.0
weighted avg,0.9226426614333042,0.9297385620915033,0.9253355040099248,612.0
