,precision,recall,f1-score,support
business,0.0,0.0,0.0,55.0
government,0.0,0.0,0.0,150.0
industry,0.03614457831325301,0.13043478260869565,0.05660377358490566,23.0
macro,0.6030245746691871,0.8763736263736264,0.7144456886898096,364.0
other,0.0,0.0,0.0,2.0
personal,0.0,0.0,0.0,18.0
accuracy,0.5261437908496732,0.5261437908496732,0.5261437908496732,0.5261437908496732
macro avg,0.10652819216374003,0.16780140149705366,0.12850824371245254,612.0
weighted avg,0.3600200498052107,0.5261437908496732,0.42705901548291425,612.0
