,precision,recall,f1-score,support
energy,0.0,0.0,0.0,9.0
housing,0.0,0.0,0.0,3.0
interest,0.0,0.0,0.0,4.0
jobs,0.0,0.0,0.0,13.0
macro,0.0,0.0,0.0,4.0
market,0.0,0.0,0.0,2.0
none,0.63,1.0,0.7730061349693251,63.0
other,0.0,0.0,0.0,1.0
prices,0.0,0.0,0.0,1.0
accuracy,0.63,0.63,0.63,0.63
macro avg,0.07,0.1111111111111111,0.08588957055214724,100.0
weighted avg,0.3969,0.63,0.4869938650306749,100.0
