,precision,recall,f1-score,support
business,1.0,1.0,1.0,8.0
government,1.0,0.8679245283018868,0.9292929292929293,53.0
macro,0.8936170212765957,1.0,0.9438202247191011,42.0
personal,0.5,1.0,0.6666666666666666,2.0
accuracy,0.9333333333333333,0.9333333333333333,0.9333333333333333,0.9333333333333333
macro avg,0.8484042553191489,0.9669811320754718,0.8849449551696742,105.0
weighted avg,0.9479229989868289,0.9333333333333333,0.9354886478481984,105.0
