,precision,recall,f1-score,support
better,1.0,0.5,0.6666666666666666,2.0
irrelevant,0.8888888888888888,0.6666666666666666,0.7619047619047619,12.0
none,1.0,0.5,0.6666666666666666,2.0
same,0.0,0.0,0.0,1.0
worse,0.5,0.8,0.6153846153846154,5.0
accuracy,0.6363636363636364,0.6363636363636364,0.6363636363636364,0.6363636363636364
macro avg,0.6777777777777778,0.49333333333333335,0.5421245421245421,22.0
weighted avg,0.7803030303030302,0.6363636363636364,0.6766566766566767,22.0
