,precision,recall,f1-score,support
better,0.3333333333333333,0.6666666666666666,0.4444444444444444,3.0
none,0.0,0.0,0.0,1.0
worse,0.5,0.3333333333333333,0.4,6.0
accuracy,0.4,0.4,0.4,0.4
macro avg,0.27777777777777773,0.3333333333333333,0.2814814814814815,10.0
weighted avg,0.4,0.4,0.37333333333333335,10.0
