,precision,recall,f1-score,support
better,0.7368421052631579,0.6363636363636364,0.6829268292682927,22.0
irrelevant,0.7692307692307693,0.7894736842105263,0.7792207792207793,38.0
none,1.0,0.42857142857142855,0.6,7.0
same,0.0,0.0,0.0,8.0
worse,0.5172413793103449,0.5769230769230769,0.5454545454545454,26.0
accuracy,0.6138613861386139,0.6138613861386139,0.6138613861386139,0.6138613861386139
macro avg,0.6046628507608544,0.4862663652137337,0.5215204307887235,101.0
weighted avg,0.6523719941448285,0.6138613861386139,0.6239267132288142,101.0
