,precision,recall,f1-score,support
business,0.967741935483871,0.5454545454545454,0.6976744186046512,55.0
government,0.956140350877193,0.7266666666666667,0.8257575757575758,150.0
industry,0.5833333333333334,0.30434782608695654,0.4,23.0
macro,0.8585131894484412,0.9835164835164835,0.9167733674775929,364.0
other,0.0,0.0,0.0,2.0
personal,0.4827586206896552,0.7777777777777778,0.5957446808510638,18.0
accuracy,0.8464052287581699,0.8464052287581699,0.8464052287581699,0.8464052287581699
macro avg,0.641414571638749,0.556293883250405,0.5726583404484806,612.0
weighted avg,0.8680587939240276,0.8464052287581699,0.8429160774576063,612.0
