,precision,recall,f1-score,support
business,0.9787234042553191,0.8363636363636363,0.9019607843137255,55.0
government,0.9121621621621622,0.9,0.9060402684563759,150.0
industry,0.5454545454545454,0.2608695652173913,0.3529411764705882,23.0
macro,0.9158163265306123,0.9862637362637363,0.9497354497354498,364.0
other,0.0,0.0,0.0,2.0
personal,0.7692307692307693,0.5555555555555556,0.6451612903225806,18.0
accuracy,0.9084967320261438,0.9084967320261438,0.9084967320261438,0.9084967320261438
macro avg,0.6868978679389014,0.5898420822333866,0.6259731615497867,612.0
weighted avg,0.8993510830181669,0.9084967320261438,0.9002420545654328,612.0
