,precision,recall,f1-score,support
business,0.9666666666666667,0.5272727272727272,0.6823529411764706,55.0
government,0.9473684210526315,0.72,0.8181818181818182,150.0
industry,0.6153846153846154,0.34782608695652173,0.4444444444444444,23.0
macro,0.8585131894484412,0.9835164835164835,0.9167733674775929,364.0
other,0.0,0.0,0.0,2.0
personal,0.5,0.7777777777777778,0.6086956521739131,18.0
accuracy,0.8447712418300654,0.8447712418300654,0.8447712418300654,0.8447712418300654
macro avg,0.6479888154253924,0.559398845920585,0.5784080372423732,612.0
weighted avg,0.8675238185255558,0.8447712418300654,0.841733552639175,612.0
