,precision,recall,f1-score,support
good,0.36,0.5625,0.43902439024390244,16.0
irrelevant,0.0,0.0,0.0,38.0
none,0.14285714285714285,0.5,0.2222222222222222,8.0
poor,0.66,0.8048780487804879,0.7252747252747253,41.0
accuracy,0.44660194174757284,0.44660194174757284,0.44660194174757284,0.44660194174757284
macro avg,0.2907142857142857,0.46684451219512196,0.3466303344352125,103.0
weighted avg,0.32973647711511794,0.44660194174757284,0.37415953163052385,103.0
