,precision,recall,f1-score,support
good,0.625,0.3125,0.4166666666666667,16.0
none,1.0,0.4444444444444444,0.6153846153846153,9.0
poor,0.7037037037037037,0.926829268292683,0.8000000000000002,41.0
accuracy,0.7121212121212122,0.7121212121212122,0.7121212121212122,0.7121212121212122
macro avg,0.7762345679012346,0.5612579042457092,0.6106837606837607,66.0
weighted avg,0.7250280583613916,0.7121212121212122,0.6818958818958819,66.0
