,precision,recall,f1-score,support
good,0.5294117647058824,0.5625,0.5454545454545454,16.0
none,0.6666666666666666,0.5,0.5714285714285714,8.0
poor,0.7857142857142857,0.8048780487804879,0.7951807228915663,41.0
accuracy,0.7076923076923077,0.7076923076923077,0.7076923076923077,0.7076923076923077
macro avg,0.6605975723622782,0.6224593495934959,0.6373546132582276,65.0
weighted avg,0.7079724197371257,0.7076923076923077,0.7061709374962386,65.0
