,precision,recall,f1-score,support
better,0.0,0.0,0.0,2.0
irrelevant,1.0,1.0,1.0,8.0
none,0.0,0.0,0.0,0.0
same,0.0,0.0,0.0,3.0
worse,0.3333333333333333,0.2857142857142857,0.3076923076923077,7.0
accuracy,0.5,0.5,0.5,0.5
macro avg,0.26666666666666666,0.2571428571428571,0.26153846153846155,20.0
weighted avg,0.5166666666666666,0.5,0.5076923076923077,20.0
