,precision,recall,f1-score,support
better,0.7222222222222222,0.5909090909090909,0.65,22.0
irrelevant,0.725,0.7631578947368421,0.7435897435897436,38.0
none,1.0,0.42857142857142855,0.6,7.0
same,0.0,0.0,0.0,8.0
worse,0.5,0.5384615384615384,0.5185185185185185,26.0
accuracy,0.5841584158415841,0.5841584158415841,0.5841584158415841,0.5841584158415841
macro avg,0.5894444444444444,0.46421999053578,0.5024216524216525,101.0
weighted avg,0.6281078107810781,0.5841584158415841,0.5964147696820965,101.0
