,precision,recall,f1-score,support
better,1.0,0.8333333333333334,0.9090909090909091,6.0
irrelevant,0.8888888888888888,0.8888888888888888,0.8888888888888888,9.0
none,0.0,0.0,0.0,1.0
same,0.0,0.0,0.0,0.0
worse,0.75,1.0,0.8571428571428571,3.0
accuracy,0.8421052631578947,0.8421052631578947,0.8421052631578947,0.8421052631578947
macro avg,0.5277777777777778,0.5444444444444445,0.5310245310245311,19.0
weighted avg,0.8552631578947368,0.8421052631578947,0.8434723171565275,19.0
