,precision,recall,f1-score,support
business,1.0,0.5,0.6666666666666666,12.0
government,1.0,0.85,0.918918918918919,40.0
industry,0.6666666666666666,0.4,0.5,5.0
macro,0.9302325581395349,0.975609756097561,0.9523809523809523,82.0
other,0.0,0.0,0.0,0.0
personal,0.2,1.0,0.3333333333333333,2.0
accuracy,0.8794326241134752,0.8794326241134752,0.8794326241134752,0.8794326241134752
macro avg,0.6328165374677003,0.6209349593495935,0.5618833118833119,141.0
weighted avg,0.9362581780196823,0.8794326241134752,0.8937493724727767,141.0
