,precision,recall,f1-score,support
business,1.0,0.5,0.6666666666666666,12.0
government,1.0,0.85,0.918918918918919,40.0
industry,0.75,0.6,0.6666666666666666,5.0
macro,0.9302325581395349,0.975609756097561,0.9523809523809523,82.0
other,0.0,0.0,0.0,0.0
personal,0.2222222222222222,1.0,0.36363636363636365,2.0
accuracy,0.8865248226950354,0.8865248226950354,0.8865248226950354,0.8865248226950354
macro avg,0.6504091300602929,0.6542682926829269,0.5947115947115947,141.0
weighted avg,0.9395284695878462,0.8865248226950354,0.9000893681744746,141.0
