,precision,recall,f1-score,support
business,1.0,0.8571428571428571,0.923076923076923,14.0
government,0.975,0.9285714285714286,0.951219512195122,42.0
industry,1.0,0.8,0.888888888888889,5.0
macro,0.948051948051948,0.9864864864864865,0.9668874172185431,74.0
personal,0.5,1.0,0.6666666666666666,2.0
accuracy,0.948905109489051,0.948905109489051,0.948905109489051,0.948905109489051
macro avg,0.8846103896103896,0.9144401544401543,0.8793478816092287,137.0
weighted avg,0.9569769646411982,0.948905109489051,0.9503776867680439,137.0
