,precision,recall,f1-score,support
better,1.0,0.6666666666666666,0.8,6.0
irrelevant,0.36363636363636365,0.8,0.5,5.0
none,1.0,0.5,0.6666666666666666,2.0
same,0.0,0.0,0.0,2.0
worse,0.75,0.3333333333333333,0.46153846153846156,9.0
accuracy,0.5,0.5,0.5,0.5
macro avg,0.6227272727272728,0.4600000000000001,0.4856410256410257,24.0
weighted avg,0.6903409090909092,0.5,0.5327991452991454,24.0
