,precision,recall,f1-score,support
currency,1.0,1.0,1.0,1.0
jobs,0.96,1.0,0.9795918367346939,24.0
macro,1.0,0.75,0.8571428571428571,16.0
market,1.0,1.0,1.0,9.0
other,0.0,0.0,0.0,0.0
prices,0.75,1.0,0.8571428571428571,3.0
retail,0.0,0.0,0.0,2.0
wages,1.0,1.0,1.0,1.0
accuracy,0.8928571428571429,0.8928571428571429,0.8928571428571429,0.8928571428571429
macro avg,0.71375,0.71875,0.7117346938775511,56.0
weighted avg,0.93375,0.8928571428571429,0.907069970845481,56.0
