,precision,recall,f1-score,support
business,1.0,0.7142857142857143,0.8333333333333334,14.0
government,0.9166666666666666,0.9166666666666666,0.9166666666666666,24.0
industry,0.3333333333333333,0.2222222222222222,0.26666666666666666,9.0
macro,0.9239130434782609,1.0,0.96045197740113,85.0
personal,0.8333333333333334,0.8333333333333334,0.8333333333333334,6.0
accuracy,0.8985507246376812,0.8985507246376812,0.8985507246376812,0.8985507246376812
macro avg,0.8014492753623188,0.7373015873015873,0.762090395480226,138.0
weighted avg,0.8879174543163201,0.8985507246376812,0.8891672807663965,138.0
