,precision,recall,f1-score,support
business,0.9444444444444444,0.9444444444444444,0.9444444444444444,18.0
government,0.8461538461538461,1.0,0.9166666666666666,22.0
industry,1.0,0.5,0.6666666666666666,2.0
macro,0.9836065573770492,0.9836065573770492,0.9836065573770492,61.0
other,0.0,0.0,0.0,1.0
personal,1.0,0.6666666666666666,0.8,6.0
accuracy,0.9454545454545454,0.9454545454545454,0.9454545454545454,0.9454545454545454
macro avg,0.7957008079958899,0.6824529447480269,0.7185640558591379,110.0
weighted avg,0.9419580419580419,0.9454545454545454,0.9390909090909091,110.0
