,precision,recall,f1-score,support
energy,1.0,0.6666666666666666,0.8,9.0
housing,1.0,1.0,1.0,3.0
interest,1.0,1.0,1.0,4.0
jobs,1.0,1.0,1.0,13.0
macro,1.0,1.0,1.0,4.0
market,1.0,1.0,1.0,2.0
none,0.9545454545454546,1.0,0.9767441860465116,63.0
other,1.0,1.0,1.0,1.0
prices,1.0,1.0,1.0,1.0
accuracy,0.97,0.97,0.97,0.97
macro avg,0.994949494949495,0.9629629629629629,0.9751937984496123,100.0
weighted avg,0.9713636363636364,0.97,0.9673488372093023,100.0
