,precision,recall,f1-score,support
good,0.6666666666666666,0.6666666666666666,0.6666666666666666,3.0
irrelevant,0.5714285714285714,0.8,0.6666666666666666,5.0
none,0.4,0.6666666666666666,0.5,3.0
poor,0.875,0.5833333333333334,0.7,12.0
accuracy,0.6521739130434783,0.6521739130434783,0.6521739130434783,0.6521739130434783
macro avg,0.6282738095238095,0.6791666666666667,0.6333333333333333,23.0
weighted avg,0.7198757763975155,0.6521739130434783,0.66231884057971,23.0
