,precision,recall,f1-score,support
good,0.6,1.0,0.75,3.0
none,1.0,0.3333333333333333,0.5,3.0
poor,0.8333333333333334,0.8333333333333334,0.8333333333333334,12.0
accuracy,0.7777777777777778,0.7777777777777778,0.7777777777777778,0.7777777777777778
macro avg,0.8111111111111112,0.7222222222222222,0.6944444444444445,18.0
weighted avg,0.8222222222222223,0.7777777777777778,0.7638888888888888,18.0
