,precision,recall,f1-score,support
good,1.0,0.5,0.6666666666666666,2.0
none,0.0,0.0,0.0,3.0
poor,0.7692307692307693,1.0,0.8695652173913044,10.0
accuracy,0.7333333333333333,0.7333333333333333,0.7333333333333333,0.7333333333333333
macro avg,0.5897435897435898,0.5,0.5120772946859904,15.0
weighted avg,0.6461538461538462,0.7333333333333333,0.6685990338164253,15.0
