,precision,recall,f1-score,support
business,0.0,0.0,0.0,0.0
government,0.375,1.0,0.5454545454545454,3.0
industry,0.5,1.0,0.6666666666666666,1.0
macro,1.0,0.631578947368421,0.7741935483870968,19.0
other,1.0,1.0,1.0,1.0
accuracy,0.7083333333333334,0.7083333333333334,0.7083333333333334,0.7083333333333334
macro avg,0.575,0.7263157894736842,0.5972629521016618,24.0
weighted avg,0.9010416666666666,0.7083333333333334,0.7505294884327142,24.0
