,precision,recall,f1-score,support
business,1.0,0.9444444444444444,0.9714285714285714,18.0
government,0.88,1.0,0.9361702127659575,22.0
industry,0.0,0.0,0.0,2.0
macro,0.9682539682539683,1.0,0.9838709677419354,61.0
other,0.0,0.0,0.0,1.0
personal,1.0,0.8333333333333334,0.9090909090909091,6.0
accuracy,0.9545454545454546,0.9545454545454546,0.9545454545454546,0.9545454545454546
macro avg,0.6413756613756614,0.6296296296296297,0.6334267768378956,110.0
weighted avg,0.9311226551226551,0.9545454545454546,0.9413830313942623,110.0
