,precision,recall,f1-score,support
business,1.0,0.7142857142857143,0.8333333333333334,14.0
government,0.875,0.875,0.875,24.0
industry,0.3333333333333333,0.1111111111111111,0.16666666666666666,9.0
macro,0.8854166666666666,1.0,0.9392265193370166,85.0
personal,0.8,0.6666666666666666,0.7272727272727273,6.0
accuracy,0.8768115942028986,0.8768115942028986,0.8768115942028986,0.8768115942028986
macro avg,0.7787499999999999,0.6734126984126985,0.7082998493219488,138.0
weighted avg,0.855510265700483,0.8768115942028986,0.8577141824199236,138.0
