,precision,recall,f1-score,support
business,1.0,0.5,0.6666666666666666,14.0
government,0.8181818181818182,0.75,0.782608695652174,24.0
industry,0.2857142857142857,0.2222222222222222,0.25,9.0
macro,0.8854166666666666,1.0,0.9392265193370166,85.0
other,0.0,0.0,0.0,0.0
personal,0.75,0.5,0.6,6.0
accuracy,0.8333333333333334,0.8333333333333334,0.8333333333333334,0.8333333333333334
macro avg,0.6232187950937951,0.4953703703703704,0.5397503136093096,138.0
weighted avg,0.8403493396699918,0.8333333333333334,0.8246391027002313,138.0
