,precision,recall,f1-score,support
business,0.875,0.5,0.6363636363636364,14.0
government,0.8823529411764706,0.625,0.7317073170731707,24.0
industry,0.25,0.2222222222222222,0.23529411764705882,9.0
macro,0.8854166666666666,1.0,0.9392265193370166,85.0
other,0.0,0.0,0.0,0.0
personal,0.5714285714285714,0.6666666666666666,0.6153846153846154,6.0
accuracy,0.8188405797101449,0.8188405797101449,0.8188405797101449,0.8188405797101449
macro avg,0.5773663632119513,0.5023148148148148,0.5263293676342496,138.0
weighted avg,0.8287352078512563,0.8188405797101449,0.8124222856059756,138.0
