,precision,recall,f1-score,support
business,1.0,0.5714285714285714,0.7272727272727273,14.0
government,0.8235294117647058,0.5833333333333334,0.6829268292682927,24.0
industry,0.25,0.2222222222222222,0.23529411764705882,9.0
macro,0.8854166666666666,1.0,0.9392265193370166,85.0
other,0.0,0.0,0.0,0.0
personal,0.42857142857142855,0.5,0.46153846153846156,6.0
accuracy,0.8115942028985508,0.8115942028985508,0.8115942028985508,0.8115942028985508
macro avg,0.5645862511671335,0.4794973544973545,0.5077097758439262,138.0
weighted avg,0.8249750081191897,0.8115942028985508,0.8064724206953473,138.0
