,precision,recall,f1-score,support
neg,0.8734177215189873,0.8214285714285714,0.8466257668711656,168.0
neutral,0.7913669064748201,0.7971014492753623,0.7942238267148014,138.0
pos,0.7209302325581395,0.775,0.7469879518072289,120.0
accuracy,0.8004694835680751,0.8004694835680751,0.8004694835680751,0.8004694835680751
macro avg,0.795238286850649,0.7978433402346446,0.7959458484643985,426.0
weighted avg,0.803883657783314,0.8004694835680751,0.8015835003236289,426.0
