,precision,recall,f1-score,support
business,0.9782608695652174,0.8181818181818182,0.8910891089108911,55.0
government,0.9315068493150684,0.9066666666666666,0.918918918918919,150.0
industry,0.75,0.391304347826087,0.5142857142857142,23.0
macro,0.9272727272727272,0.9807692307692307,0.9532710280373832,364.0
other,0.0,0.0,0.0,2.0
personal,0.5263157894736842,0.5555555555555556,0.5405405405405406,18.0
accuracy,0.9101307189542484,0.9101307189542484,0.9101307189542484,0.9101307189542484
macro avg,0.6855593726044495,0.6087462698332264,0.6363508851155747,612.0
weighted avg,0.911407405492069,0.9101307189542484,0.9075109382219696,612.0
