,precision,recall,f1-score,support
business,0.9795918367346939,0.8727272727272727,0.9230769230769231,55.0
government,0.9403973509933775,0.9466666666666667,0.9435215946843853,150.0
industry,0.8333333333333334,0.43478260869565216,0.5714285714285714,23.0
macro,0.9447368421052632,0.9862637362637363,0.9650537634408602,364.0
other,0.0,0.0,0.0,2.0
personal,0.5789473684210527,0.6111111111111112,0.5945945945945946,18.0
accuracy,0.9313725490196079,0.9313725490196079,0.9313725490196079,0.9313725490196079
macro avg,0.7128344552646201,0.6419252325774065,0.6662792412042225,612.0
weighted avg,0.9287730122450593,0.9313725490196079,0.9271611106371267,612.0
