,precision,recall,f1-score,support
business,0.9245283018867925,0.8909090909090909,0.9074074074074073,55.0
government,0.9006211180124224,0.9666666666666667,0.932475884244373,150.0
industry,0.6923076923076923,0.391304347826087,0.5,23.0
macro,0.952,0.9807692307692307,0.9661705006765898,364.0
other,0.0,0.0,0.0,2.0
personal,0.8,0.4444444444444444,0.5714285714285714,18.0
accuracy,0.9281045751633987,0.9281045751633987,0.9281045751633987,0.9281045751633987
macro avg,0.7115761853678179,0.6123489634359199,0.6462470606261569,612.0
weighted avg,0.919596897432539,0.9281045751633987,0.9203440630327718,612.0
