,precision,recall,f1-score,support
good,1.0,0.6666666666666666,0.8,6.0
irrelevant,0.9,1.0,0.9473684210526315,9.0
poor,0.7142857142857143,0.8333333333333334,0.7692307692307693,6.0
accuracy,0.8571428571428571,0.8571428571428571,0.8571428571428571,0.8571428571428571
macro avg,0.8714285714285714,0.8333333333333334,0.8388663967611336,21.0
weighted avg,0.8755102040816327,0.8571428571428571,0.8543666859456333,21.0
