,precision,recall,f1-score,support
better,0.7222222222222222,0.5909090909090909,0.65,22.0
irrelevant,0.75,0.7894736842105263,0.7692307692307693,38.0
none,0.75,0.42857142857142855,0.5454545454545454,7.0
same,0.0,0.0,0.0,8.0
worse,0.5384615384615384,0.5384615384615384,0.5384615384615384,26.0
accuracy,0.594059405940594,0.594059405940594,0.594059405940594,0.594059405940594
macro avg,0.5521367521367522,0.4694831484305169,0.5006293706293706,101.0
weighted avg,0.63008800880088,0.594059405940594,0.6074153569203075,101.0
