,precision,recall,f1-score,support
better,0.6666666666666666,0.3333333333333333,0.4444444444444444,6.0
none,0.0,0.0,0.0,2.0
worse,0.14285714285714285,0.5,0.22222222222222224,2.0
accuracy,0.3,0.3,0.3,0.3
macro avg,0.2698412698412698,0.27777777777777773,0.2222222222222222,10.0
weighted avg,0.42857142857142855,0.3,0.3111111111111111,10.0
