,precision,recall,f1-score,support
business,0.0,0.0,0.0,11.0
government,0.0,0.0,0.0,19.0
industry,0.1,0.6,0.17142857142857143,5.0
macro,0.6153846153846154,0.6779661016949152,0.6451612903225806,59.0
personal,0.0,0.0,0.0,5.0
accuracy,0.43434343434343436,0.43434343434343436,0.43434343434343436,0.43434343434343436
macro avg,0.14307692307692307,0.2555932203389831,0.1633179723502304,99.0
weighted avg,0.3717948717948718,0.43434343434343436,0.39314807056742535,99.0
