,precision,recall,f1-score,support
better,0.3333333333333333,0.5,0.4,2.0
irrelevant,0.0,0.0,0.0,12.0
none,0.125,0.5,0.2,2.0
same,0.0,0.0,0.0,1.0
worse,0.5,0.6,0.5454545454545454,5.0
accuracy,0.22727272727272727,0.22727272727272727,0.22727272727272727,0.22727272727272727
macro avg,0.19166666666666665,0.32,0.2290909090909091,22.0
weighted avg,0.1553030303030303,0.22727272727272727,0.17851239669421487,22.0
