,precision,recall,f1-score,support
business,1.0,0.8181818181818182,0.9,11.0
government,0.95,1.0,0.9743589743589743,19.0
industry,1.0,0.6,0.75,5.0
macro,0.90625,0.9830508474576272,0.943089430894309,59.0
personal,1.0,0.6,0.75,5.0
accuracy,0.9292929292929293,0.9292929292929293,0.9292929292929293,0.9292929292929293
macro avg,0.9712500000000001,0.8002465331278892,0.8634896810506566,99.0
weighted avg,0.9345328282828282,0.9292929292929293,0.9247989589453004,99.0
