,precision,recall,f1-score,support
business,1.0,0.9090909090909091,0.9523809523809523,11.0
government,1.0,0.8947368421052632,0.9444444444444444,19.0
industry,1.0,0.6,0.75,5.0
macro,0.8939393939393939,1.0,0.944,59.0
personal,1.0,0.6,0.75,5.0
accuracy,0.9292929292929293,0.9292929292929293,0.9292929292929293,0.9292929292929293
macro avg,0.9787878787878789,0.8007655502392345,0.8681650793650793,99.0
weighted avg,0.9367921640648914,0.9292929292929293,0.925420554753888,99.0
