,precision,recall,f1-score,support
business,1.0,0.8181818181818182,0.9,11.0
government,0.9444444444444444,0.8947368421052632,0.918918918918919,19.0
industry,1.0,0.6,0.75,5.0
macro,0.8923076923076924,0.9830508474576272,0.9354838709677419,59.0
personal,0.75,0.6,0.6666666666666666,5.0
accuracy,0.9090909090909091,0.9090909090909091,0.9090909090909091,0.9090909090909091
macro avg,0.9173504273504275,0.7791939015489417,0.8342138913106656,99.0
weighted avg,0.9125312958646292,0.9090909090909091,0.9054175876756521,99.0
