,precision,recall,f1-score,support
good,0.6666666666666666,0.5,0.5714285714285715,4.0
none,1.0,1.0,1.0,2.0
poor,0.75,0.8571428571428571,0.7999999999999999,7.0
accuracy,0.7692307692307693,0.7692307692307693,0.7692307692307693,0.7692307692307693
macro avg,0.8055555555555555,0.7857142857142857,0.7904761904761904,13.0
weighted avg,0.7628205128205128,0.7692307692307693,0.7604395604395605,13.0
