,precision,recall,f1-score,support
business,1.0,0.5,0.6666666666666666,2.0
government,0.9090909090909091,0.9090909090909091,0.9090909090909091,11.0
industry,0.5,0.25,0.3333333333333333,4.0
macro,0.9663865546218487,1.0,0.9829059829059829,115.0
other,0.0,0.0,0.0,1.0
accuracy,0.9548872180451128,0.9548872180451128,0.9548872180451128,0.9548872180451128
macro avg,0.6750954927425517,0.5318181818181819,0.5783993783993784,133.0
weighted avg,0.9408605547482151,0.9548872180451128,0.945119208277103,133.0
