,precision,recall,f1-score,support
business,1.0,0.6,0.7499999999999999,10.0
government,0.8333333333333334,0.35714285714285715,0.5,14.0
industry,1.0,0.25,0.4,4.0
macro,0.831858407079646,0.9791666666666666,0.8995215311004785,96.0
other,0.0,0.0,0.0,2.0
personal,1.0,0.6666666666666666,0.8,3.0
accuracy,0.8372093023255814,0.8372093023255814,0.8372093023255814,0.8372093023255814
macro avg,0.7775319567354965,0.4754960317460317,0.5582535885167464,129.0
weighted avg,0.8412796414442844,0.8372093023255814,0.8128222246949298,129.0
