,precision,recall,f1-score,support
good,0.7222222222222222,0.8125,0.7647058823529411,16.0
irrelevant,0.7380952380952381,0.8157894736842105,0.775,38.0
none,1.0,0.375,0.5454545454545454,8.0
poor,0.725,0.7073170731707317,0.7160493827160493,41.0
accuracy,0.7378640776699029,0.7378640776699029,0.7378640776699029,0.7378640776699029
macro avg,0.7963293650793651,0.6776516367137355,0.700302452630884,103.0
weighted avg,0.7507589767298505,0.7378640776699029,0.7321063608994315,103.0
