,precision,recall,f1-score,support
neg,0.0,0.0,0.0,29.0
neutral,0.0,0.0,0.0,30.0
pos,0.14492753623188406,1.0,0.25316455696202533,10.0
accuracy,0.14492753623188406,0.14492753623188406,0.14492753623188406,0.14492753623188406
macro avg,0.04830917874396135,0.3333333333333333,0.08438818565400845,69.0
weighted avg,0.021003990758244065,0.14492753623188406,0.0366905155017428,69.0
