,precision,recall,f1-score,support
business,1.0,1.0,1.0,8.0
government,1.0,0.8490566037735849,0.9183673469387755,53.0
macro,0.8571428571428571,1.0,0.9230769230769231,42.0
personal,0.6666666666666666,1.0,0.8,2.0
accuracy,0.9238095238095239,0.9238095238095239,0.9238095238095239,0.9238095238095239
macro avg,0.8809523809523809,0.9622641509433962,0.9103610675039246,105.0
weighted avg,0.9365079365079365,0.9238095238095239,0.924216191971294,105.0
