,precision,recall,f1-score,support
better,0.8,0.5454545454545454,0.6486486486486487,22.0
irrelevant,0.7045454545454546,0.8157894736842105,0.7560975609756098,38.0
none,1.0,0.2857142857142857,0.4444444444444444,7.0
same,0.0,0.0,0.0,8.0
worse,0.5,0.6153846153846154,0.5517241379310345,26.0
accuracy,0.6039603960396039,0.6039603960396039,0.6039603960396039,0.6039603960396039
macro avg,0.600909090909091,0.45246858404753143,0.4801829583999474,101.0
weighted avg,0.6373537353735373,0.6039603960396039,0.5985932305412024,101.0
