,precision,recall,f1-score,support
business,0.0,0.0,0.0,2.0
government,0.7857142857142857,0.8148148148148148,0.8,27.0
industry,0.5,0.4,0.4444444444444444,5.0
macro,0.8589743589743589,0.9305555555555556,0.8933333333333333,72.0
other,0.0,0.0,0.0,4.0
accuracy,0.8272727272727273,0.8272727272727273,0.8272727272727273,0.8272727272727273
macro avg,0.4289377289377289,0.4290740740740741,0.4275555555555556,110.0
weighted avg,0.7778221778221779,0.8272727272727273,0.8012929292929293,110.0
