,precision,recall,f1-score,support
energy,1.0,0.3333333333333333,0.5,9.0
housing,1.0,1.0,1.0,3.0
interest,1.0,1.0,1.0,4.0
jobs,1.0,1.0,1.0,13.0
macro,0.6666666666666666,1.0,0.8,4.0
market,1.0,1.0,1.0,2.0
none,0.9130434782608695,1.0,0.9545454545454546,63.0
other,0.0,0.0,0.0,1.0
prices,0.0,0.0,0.0,1.0
accuracy,0.92,0.92,0.92,0.92
macro avg,0.7310789049919485,0.7037037037037037,0.694949494949495,100.0
weighted avg,0.9118840579710144,0.92,0.8983636363636365,100.0
