,precision,recall,f1-score,support
business,1.0,0.7857142857142857,0.88,14.0
government,0.9166666666666666,0.9166666666666666,0.9166666666666666,24.0
industry,0.5,0.3333333333333333,0.4,9.0
macro,0.9444444444444444,1.0,0.9714285714285714,85.0
other,0.0,0.0,0.0,0.0
personal,1.0,0.6666666666666666,0.8,6.0
accuracy,0.9057971014492754,0.9057971014492754,0.9057971014492754,0.9057971014492754
macro avg,0.7268518518518517,0.617063492063492,0.6613492063492065,138.0
weighted avg,0.9186795491143317,0.9057971014492754,0.9079089026915114,138.0
