,precision,recall,f1-score,support
government,1.0,1.0,1.0,3.0
industry,0.0,0.0,0.0,0.0
macro,0.9333333333333333,0.9333333333333333,0.9333333333333333,15.0
other,0.0,0.0,0.0,1.0
accuracy,0.8947368421052632,0.8947368421052632,0.8947368421052632,0.8947368421052632
macro avg,0.48333333333333334,0.48333333333333334,0.48333333333333334,19.0
weighted avg,0.8947368421052632,0.8947368421052632,0.8947368421052632,19.0
