,precision,recall,f1-score,support
business,1.0,1.0,1.0,10.0
government,0.7272727272727273,0.5714285714285714,0.64,14.0
industry,1.0,0.25,0.4,4.0
macro,0.9117647058823529,0.96875,0.9393939393939394,96.0
other,0.0,0.0,0.0,2.0
personal,0.3333333333333333,0.3333333333333333,0.3333333333333333,3.0
accuracy,0.875968992248062,0.875968992248062,0.875968992248062,0.875968992248062
macro avg,0.6620617944147357,0.5205853174603174,0.5521212121212121,129.0
weighted avg,0.873730464701737,0.875968992248062,0.866215644820296,129.0
