,precision,recall,f1-score,support
good,0.6842105263157895,0.8125,0.7428571428571429,16.0
irrelevant,0.7045454545454546,0.8157894736842105,0.7560975609756098,38.0
none,1.0,0.375,0.5454545454545454,8.0
poor,0.7297297297297297,0.6585365853658537,0.6923076923076923,41.0
accuracy,0.7184466019417476,0.7184466019417476,0.7184466019417476,0.7184466019417476
macro avg,0.7796214276477434,0.6654565147625161,0.6841792353987477,103.0
weighted avg,0.7343593651718332,0.7184466019417476,0.7122880907867885,103.0
