,precision,recall,f1-score,support
business,1.0,1.0,1.0,1.0
government,1.0,0.8,0.888888888888889,10.0
industry,0.5,1.0,0.6666666666666666,1.0
macro,0.8181818181818182,0.9,0.8571428571428572,10.0
accuracy,0.8636363636363636,0.8636363636363636,0.8636363636363636,0.8636363636363636
macro avg,0.8295454545454546,0.9249999999999999,0.8531746031746031,22.0
weighted avg,0.8946280991735537,0.8636363636363636,0.8694083694083694,22.0
