,precision,recall,f1-score,support
energy,1.0,0.7777777777777778,0.8750000000000001,9.0
housing,1.0,1.0,1.0,3.0
interest,1.0,1.0,1.0,4.0
jobs,1.0,1.0,1.0,13.0
macro,1.0,1.0,1.0,4.0
market,0.6666666666666666,1.0,0.8,2.0
none,1.0,1.0,1.0,63.0
other,1.0,1.0,1.0,1.0
prices,0.5,1.0,0.6666666666666666,1.0
accuracy,0.98,0.98,0.98,0.98
macro avg,0.9074074074074073,0.9753086419753088,0.9268518518518518,100.0
weighted avg,0.9883333333333333,0.98,0.9814166666666666,100.0
