,precision,recall,f1-score,support
business,0.0,0.0,0.0,8.0
government,1.0,0.49056603773584906,0.6582278481012659,53.0
macro,0.56,1.0,0.717948717948718,42.0
personal,0.5,1.0,0.6666666666666666,2.0
accuracy,0.6666666666666666,0.6666666666666666,0.6666666666666666,0.6666666666666666
macro avg,0.515,0.6226415094339622,0.5107108081791626,105.0
weighted avg,0.7382857142857144,0.6666666666666666,0.6321262422528245,105.0
