,precision,recall,f1-score,support
business,1.0,1.0,1.0,8.0
government,1.0,0.9056603773584906,0.9504950495049505,53.0
industry,0.0,0.0,0.0,0.0
macro,0.9428571428571428,0.7857142857142857,0.8571428571428571,42.0
personal,0.5,1.0,0.6666666666666666,2.0
accuracy,0.8666666666666667,0.8666666666666667,0.8666666666666667,0.8666666666666667
macro avg,0.6885714285714286,0.7382749326145552,0.6948609146628948,105.0
weighted avg,0.9676190476190476,0.8666666666666667,0.9115197234009114,105.0
