,precision,recall,f1-score,support
better,0.5,0.6666666666666666,0.5714285714285715,3.0
none,0.0,0.0,0.0,0.0
same,0.0,0.0,0.0,3.0
worse,0.5,0.42857142857142855,0.4615384615384615,7.0
accuracy,0.38461538461538464,0.38461538461538464,0.38461538461538464,0.38461538461538464
macro avg,0.25,0.2738095238095238,0.25824175824175827,13.0
weighted avg,0.38461538461538464,0.38461538461538464,0.3803888419273035,13.0
