,precision,recall,f1-score,support
business,1.0,0.5,0.6666666666666666,12.0
government,0.9696969696969697,0.8,0.8767123287671234,40.0
industry,0.6666666666666666,0.4,0.5,5.0
macro,0.9512195121951219,0.9512195121951219,0.9512195121951219,82.0
other,0.0,0.0,0.0,0.0
personal,0.16666666666666666,1.0,0.2857142857142857,2.0
accuracy,0.851063829787234,0.851063829787234,0.851063829787234,0.851063829787234
macro avg,0.6257083025375708,0.6085365853658536,0.546718798890533,141.0
weighted avg,0.9393939393939394,0.851063829787234,0.880424976752578,141.0
