,precision,recall,f1-score,support
business,1.0,0.08333333333333333,0.15384615384615385,12.0
government,1.0,0.125,0.2222222222222222,40.0
industry,1.0,0.2,0.33333333333333337,5.0
macro,0.6356589147286822,1.0,0.7772511848341233,82.0
other,0.0,0.0,0.0,0.0
personal,0.0,0.0,0.0,2.0
accuracy,0.6312056737588653,0.6312056737588653,0.6312056737588653,0.6312056737588653
macro avg,0.6059431524547804,0.2347222222222222,0.2477754823726388,141.0
weighted avg,0.7739292979273187,0.6312056737588653,0.5399738053766491,141.0
