,precision,recall,f1-score,support
business,0.9285714285714286,0.9285714285714286,0.9285714285714286,14.0
government,0.96,1.0,0.9795918367346939,24.0
industry,0.8,0.4444444444444444,0.5714285714285714,9.0
macro,0.9655172413793104,0.9882352941176471,0.9767441860465116,85.0
other,0.0,0.0,0.0,0.0
personal,0.8333333333333334,0.8333333333333334,0.8333333333333334,6.0
accuracy,0.9420289855072463,0.9420289855072463,0.9420289855072463,0.9420289855072463
macro avg,0.747903667214012,0.6990974167444756,0.7149448926857565,138.0
weighted avg,0.9442678660669664,0.9420289855072463,0.9396834568003136,138.0
