,precision,recall,f1-score,support
business,1.0,0.5,0.6666666666666666,2.0
government,0.8888888888888888,0.7272727272727273,0.7999999999999999,11.0
industry,0.0,0.0,0.0,4.0
macro,0.9426229508196722,1.0,0.9704641350210971,115.0
other,0.0,0.0,0.0,1.0
accuracy,0.9323308270676691,0.9323308270676691,0.9323308270676691,0.9323308270676691
macro avg,0.5663023679417123,0.4454545454545455,0.4874261603375527,133.0
weighted avg,0.9036046400153389,0.9323308270676691,0.9153136004568384,133.0
