,precision,recall,f1-score,support
business,1.0,1.0,1.0,10.0
government,0.7272727272727273,0.5714285714285714,0.64,14.0
industry,1.0,0.25,0.4,4.0
macro,0.9117647058823529,0.96875,0.9393939393939394,96.0
other,0.0,0.0,0.0,2.0
personal,0.2,0.3333333333333333,0.25,3.0
accuracy,0.875968992248062,0.875968992248062,0.875968992248062,0.875968992248062
macro avg,0.6398395721925134,0.5205853174603174,0.5382323232323233,129.0
weighted avg,0.8706296895079385,0.875968992248062,0.864277660324172,129.0
