,precision,recall,f1-score,support
neg,0.3333333333333333,0.1111111111111111,0.16666666666666666,36.0
neutral,0.6666666666666666,0.06666666666666667,0.12121212121212122,30.0
pos,0.2631578947368421,0.8,0.39603960396039606,25.0
accuracy,0.2857142857142857,0.2857142857142857,0.2857142857142857,0.2857142857142857
macro avg,0.42105263157894735,0.32592592592592595,0.22797279727972797,91.0
weighted avg,0.42394447657605555,0.2857142857142857,0.21469619489421468,91.0
