,precision,recall,f1-score,support
business,0.9607843137254902,0.8909090909090909,0.9245283018867925,55.0
government,0.9038461538461539,0.94,0.9215686274509804,150.0
industry,0.625,0.43478260869565216,0.5128205128205128,23.0
macro,0.946949602122016,0.9807692307692307,0.9635627530364372,364.0
other,0.0,0.0,0.0,2.0
personal,0.8333333333333334,0.5555555555555556,0.6666666666666667,18.0
accuracy,0.9264705882352942,0.9264705882352942,0.9264705882352942,0.9264705882352942
macro avg,0.7116522338378322,0.6336694143215883,0.6648578103102317,612.0
weighted avg,0.9190926723925471,0.9264705882352942,0.9209412820613655,612.0
