,precision,recall,f1-score,support
business,1.0,0.7818181818181819,0.8775510204081632,55.0
government,0.9398496240601504,0.8333333333333334,0.8833922261484098,150.0
industry,0.6111111111111112,0.4782608695652174,0.5365853658536586,23.0
macro,0.910941475826972,0.9835164835164835,0.9458388375165125,364.0
other,0.0,0.0,0.0,2.0
personal,0.42857142857142855,0.5,0.46153846153846156,18.0
accuracy,0.8921568627450981,0.8921568627450981,0.8921568627450981,0.8921568627450981
macro avg,0.6484122732616103,0.5961548113722027,0.6174843185775343,612.0
weighted avg,0.897598009934447,0.8921568627450981,0.8916807722598815,612.0
