,precision,recall,f1-score,support
business,1.0,0.8545454545454545,0.9215686274509803,55.0
government,0.9102564102564102,0.9466666666666667,0.9281045751633987,150.0
industry,0.8181818181818182,0.391304347826087,0.5294117647058824,23.0
macro,0.9347258485639687,0.9835164835164835,0.9585006693440429,364.0
other,0.0,0.0,0.0,2.0
personal,0.6666666666666666,0.5555555555555556,0.6060606060606061,18.0
accuracy,0.9248366013071896,0.9248366013071896,0.9248366013071896,0.9248366013071896
macro avg,0.7216384572781439,0.6219314180183746,0.657274373787485,612.0
weighted avg,0.9192759023430196,0.9248366013071896,0.9181074606582869,612.0
