,precision,recall,f1-score,support
business,1.0,0.8571428571428571,0.923076923076923,14.0
government,0.8823529411764706,0.8333333333333334,0.8571428571428571,18.0
industry,0.6666666666666666,0.4444444444444444,0.5333333333333333,9.0
macro,0.8840579710144928,0.9682539682539683,0.9242424242424243,63.0
other,0.0,0.0,0.0,0.0
personal,1.0,0.5,0.6666666666666666,4.0
accuracy,0.8703703703703703,0.8703703703703703,0.8703703703703703,0.8703703703703703
macro avg,0.7388462631429382,0.6005291005291006,0.6507437007437007,108.0
weighted avg,0.8849815288434215,0.8703703703703703,0.8707924791258125,108.0
