,precision,recall,f1-score,support
business,1.0,0.6428571428571429,0.782608695652174,14.0
government,0.8571428571428571,0.75,0.8,24.0
industry,0.2,0.1111111111111111,0.14285714285714285,9.0
macro,0.8854166666666666,1.0,0.9392265193370166,85.0
other,0.0,0.0,0.0,0.0
personal,0.75,0.5,0.6,6.0
accuracy,0.8405797101449275,0.8405797101449275,0.8405797101449275,0.8405797101449275
macro avg,0.6154265873015873,0.5006613756613757,0.5441153929743889,138.0
weighted avg,0.8415351104209798,0.8405797101449275,0.8324383345542835,138.0
