,precision,recall,f1-score,support
business,1.0,0.5833333333333334,0.7368421052631579,12.0
government,1.0,0.8,0.8888888888888888,40.0
industry,0.5,0.6,0.5454545454545454,5.0
macro,0.9195402298850575,0.975609756097561,0.9467455621301775,82.0
other,0.0,0.0,0.0,0.0
personal,0.0,0.0,0.0,2.0
accuracy,0.8652482269503546,0.8652482269503546,0.8652482269503546,0.8652482269503546
macro avg,0.5699233716475095,0.4931571815718157,0.519655183622795,141.0
weighted avg,0.921292899649466,0.8652482269503546,0.884809004543693,141.0
