,precision,recall,f1-score,support
business,1.0,0.8571428571428571,0.923076923076923,14.0
government,0.9523809523809523,0.9523809523809523,0.9523809523809523,42.0
industry,0.8,0.8,0.8000000000000002,5.0
macro,0.9733333333333334,0.9864864864864865,0.9798657718120806,74.0
personal,0.3333333333333333,0.5,0.4,2.0
accuracy,0.948905109489051,0.948905109489051,0.948905109489051,0.948905109489051
macro avg,0.8118095238095238,0.819202059202059,0.8110647294539912,137.0
weighted avg,0.9539659367396593,0.948905109489051,0.9506068907822692,137.0
