,precision,recall,f1-score,support
business,1.0,0.7857142857142857,0.88,14.0
government,0.9565217391304348,0.9166666666666666,0.9361702127659575,24.0
industry,0.6666666666666666,0.2222222222222222,0.3333333333333333,9.0
macro,0.9042553191489362,1.0,0.9497206703910615,85.0
other,0.0,0.0,0.0,0.0
personal,0.8333333333333334,0.8333333333333334,0.8333333333333334,6.0
accuracy,0.9057971014492754,0.9057971014492754,0.9057971014492754,0.9057971014492754
macro avg,0.7267961763798952,0.6263227513227513,0.6554262583039476,138.0
weighted avg,0.9044798830926813,0.9057971014492754,0.8950314644175594,138.0
