,precision,recall,f1-score,support
business,0.9375,0.8333333333333334,0.8823529411764706,18.0
government,0.8,0.9090909090909091,0.8510638297872342,22.0
industry,0.2,0.5,0.28571428571428575,2.0
macro,0.9833333333333333,0.9672131147540983,0.9752066115702478,61.0
other,0.0,0.0,0.0,1.0
personal,1.0,0.6666666666666666,0.8,6.0
accuracy,0.9,0.9,0.9,0.9
macro avg,0.6534722222222222,0.6460506706408345,0.6323896113747064,110.0
weighted avg,0.9168939393939393,0.9,0.904225355215539,110.0
