,precision,recall,f1-score,support
government,0.6666666666666666,0.3333333333333333,0.4444444444444444,6.0
macro,0.7777777777777778,0.9333333333333333,0.8484848484848485,15.0
other,0.0,0.0,0.0,1.0
accuracy,0.7272727272727273,0.7272727272727273,0.7272727272727273,0.7272727272727273
macro avg,0.48148148148148145,0.4222222222222222,0.43097643097643096,22.0
weighted avg,0.712121212121212,0.7272727272727273,0.6997245179063362,22.0
