,precision,recall,f1-score,support
currency,1.0,1.0,1.0,1.0
jobs,0.9583333333333334,0.9583333333333334,0.9583333333333334,24.0
macro,1.0,0.75,0.8571428571428571,16.0
market,1.0,1.0,1.0,9.0
none,0.0,0.0,0.0,0.0
other,0.0,0.0,0.0,0.0
prices,0.75,1.0,0.8571428571428571,3.0
retail,0.0,0.0,0.0,2.0
wages,1.0,1.0,1.0,1.0
accuracy,0.875,0.875,0.875,0.875
macro avg,0.6342592592592593,0.6342592592592593,0.6302910052910052,56.0
weighted avg,0.9330357142857143,0.875,0.8979591836734694,56.0
