,precision,recall,f1-score,support
business,1.0,0.3333333333333333,0.5,12.0
government,0.9655172413793104,0.7,0.8115942028985508,40.0
industry,0.3333333333333333,0.6,0.42857142857142855,5.0
macro,0.8888888888888888,0.975609756097561,0.9302325581395349,82.0
personal,0.1111111111111111,0.5,0.18181818181818182,2.0
accuracy,0.8226950354609929,0.8226950354609929,0.8226950354609929,0.8226950354609929
macro avg,0.6597701149425288,0.6217886178861789,0.5704432742855392,141.0
weighted avg,0.8893508328578027,0.8226950354609929,0.83155554177218,141.0
