,precision,recall,f1-score,support
business,1.0,0.7857142857142857,0.88,14.0
government,0.95,0.9047619047619048,0.9268292682926829,42.0
industry,0.5,0.4,0.4444444444444445,5.0
macro,0.9358974358974359,0.9864864864864865,0.9605263157894737,74.0
personal,0.25,0.5,0.3333333333333333,2.0
accuracy,0.9124087591240876,0.9124087591240876,0.9124087591240876,0.9124087591240876
macro avg,0.7271794871794872,0.7153925353925354,0.7090266723719869,137.0
weighted avg,0.9208497099008047,0.9124087591240876,0.913975660770822,137.0
