,precision,recall,f1-score,support
business,1.0,0.3333333333333333,0.5,12.0
government,0.9655172413793104,0.7,0.8115942028985508,40.0
industry,0.25,0.4,0.3076923076923077,5.0
macro,0.8888888888888888,0.975609756097561,0.9302325581395349,82.0
personal,0.1,0.5,0.16666666666666666,2.0
accuracy,0.8156028368794326,0.8156028368794326,0.8156028368794326,0.8156028368794326
macro avg,0.6408812260536398,0.5817886178861789,0.543237147079412,141.0
weighted avg,0.8862381457025624,0.8156028368794326,0.8270541330154522,141.0
