,precision,recall,f1-score,support
business,1.0,0.75,0.8571428571428571,12.0
government,0.9736842105263158,0.925,0.9487179487179487,40.0
industry,0.8,0.8,0.8,5.0
macro,0.9523809523809523,0.975609756097561,0.963855421686747,82.0
other,0.0,0.0,0.0,0.0
personal,0.25,0.5,0.3333333333333333,2.0
accuracy,0.9290780141843972,0.9290780141843972,0.9290780141843972,0.9290780141843972
macro avg,0.6626775271512114,0.6584349593495935,0.6505082601468143,141.0
weighted avg,0.9471106845127002,0.9290780141843972,0.9357251310596607,141.0
