,precision,recall,f1-score,support
better,1.0,0.6666666666666666,0.8,6.0
irrelevant,0.4,0.8,0.5333333333333333,5.0
none,1.0,0.5,0.6666666666666666,2.0
same,0.0,0.0,0.0,2.0
worse,0.6,0.3333333333333333,0.42857142857142855,9.0
accuracy,0.5,0.5,0.5,0.5
macro avg,0.6,0.4600000000000001,0.48571428571428565,24.0
weighted avg,0.6416666666666666,0.5,0.5273809523809524,24.0
