,precision,recall,f1-score,support
business,0.0,0.0,0.0,0.0
government,0.375,1.0,0.5454545454545454,3.0
industry,0.5,1.0,0.6666666666666666,1.0
macro,0.9230769230769231,0.631578947368421,0.75,19.0
other,0.0,0.0,0.0,1.0
accuracy,0.6666666666666666,0.6666666666666666,0.6666666666666666,0.6666666666666666
macro avg,0.3596153846153846,0.5263157894736843,0.3924242424242424,24.0
weighted avg,0.7984775641025642,0.6666666666666666,0.689709595959596,24.0
