,precision,recall,f1-score,support
business,0.8888888888888888,0.8888888888888888,0.8888888888888888,18.0
government,0.8148148148148148,1.0,0.8979591836734693,22.0
industry,0.0,0.0,0.0,2.0
macro,0.9682539682539683,1.0,0.9838709677419354,61.0
other,0.0,0.0,0.0,1.0
personal,1.0,0.3333333333333333,0.5,6.0
accuracy,0.9181818181818182,0.9181818181818182,0.9181818181818182,0.9181818181818182
macro avg,0.6119929453262787,0.5370370370370371,0.5451198400507156,110.0
weighted avg,0.8999037999037999,0.9181818181818182,0.8979202824824943,110.0
