,precision,recall,f1-score,support
business,1.0,0.9090909090909091,0.9523809523809523,11.0
government,0.95,1.0,0.9743589743589743,19.0
industry,1.0,1.0,1.0,5.0
macro,0.9508196721311475,0.9830508474576272,0.9666666666666667,59.0
personal,1.0,0.6,0.75,5.0
accuracy,0.9595959595959596,0.9595959595959596,0.9595959595959596,0.9595959595959596
macro avg,0.9801639344262295,0.8984283513097072,0.9286813186813188,99.0
weighted avg,0.9610945520781585,0.9595959595959596,0.9572964072964072,99.0
