,precision,recall,f1-score,support
business,0.0,0.0,0.0,12.0
government,0.0,0.0,0.0,40.0
industry,0.0,0.0,0.0,5.0
macro,0.5980392156862745,0.7439024390243902,0.6630434782608695,82.0
other,0.0,0.0,0.0,0.0
personal,0.0,0.0,0.0,2.0
accuracy,0.4326241134751773,0.4326241134751773,0.4326241134751773,0.4326241134751773
macro avg,0.09967320261437908,0.12398373983739837,0.11050724637681159,141.0
weighted avg,0.3477958559310249,0.4326241134751773,0.3855997533148319,141.0
