,precision,recall,f1-score,support
business,1.0,1.0,1.0,7.0
government,0.9322033898305084,0.9649122807017544,0.9482758620689654,57.0
industry,1.0,0.3333333333333333,0.5,3.0
macro,0.9259259259259259,0.9803921568627451,0.9523809523809523,51.0
personal,1.0,0.5,0.6666666666666666,6.0
accuracy,0.9354838709677419,0.9354838709677419,0.9354838709677419,0.9354838709677419
macro avg,0.9716258631512869,0.7557275541795666,0.813464696223317,124.0
weighted avg,0.9383694793754935,0.9354838709677419,0.9284125218496742,124.0
