,precision,recall,f1-score,support
better,0.5555555555555556,0.7142857142857143,0.6250000000000001,7.0
none,1.0,1.0,1.0,1.0
same,0.0,0.0,0.0,3.0
worse,0.5714285714285714,0.6666666666666666,0.6153846153846153,6.0
accuracy,0.5882352941176471,0.5882352941176471,0.5882352941176471,0.5882352941176471
macro avg,0.5317460317460317,0.5952380952380952,0.5600961538461539,17.0
weighted avg,0.48926237161531283,0.5882352941176471,0.533371040723982,17.0
