,precision,recall,f1-score,support
better,0.38461538461538464,0.43478260869565216,0.40816326530612246,23.0
none,1.0,0.2857142857142857,0.4444444444444445,7.0
same,0.0,0.0,0.0,8.0
worse,0.34782608695652173,0.3076923076923077,0.32653061224489793,26.0
accuracy,0.3125,0.3125,0.3125,0.3125
macro avg,0.4331103678929766,0.2570473005255614,0.2947845804988662,64.0
weighted avg,0.3889005016722408,0.3125,0.32794784580498865,64.0
