,precision,recall,f1-score,support
business,1.0,0.7636363636363637,0.865979381443299,55.0
government,0.9523809523809523,0.8,0.8695652173913043,150.0
industry,0.5333333333333333,0.34782608695652173,0.42105263157894735,23.0
macro,0.9088607594936708,0.9862637362637363,0.9459815546772069,364.0
other,0.0,0.0,0.0,2.0
personal,0.3793103448275862,0.6111111111111112,0.46808510638297873,18.0
accuracy,0.8823529411764706,0.8823529411764706,0.8823529411764706,0.8823529411764706
macro avg,0.6289808983392572,0.5848062163279555,0.595110648578956,612.0
weighted avg,0.8950599872326833,0.8823529411764706,0.8831873806074997,612.0
