,precision,recall,f1-score,support
business,0.9782608695652174,0.8181818181818182,0.8910891089108911,55.0
government,0.9523809523809523,0.9333333333333333,0.9427609427609428,150.0
industry,0.6666666666666666,0.43478260869565216,0.5263157894736842,23.0
macro,0.9399477806788512,0.989010989010989,0.963855421686747,364.0
other,0.0,0.0,0.0,2.0
personal,0.6190476190476191,0.7222222222222222,0.6666666666666666,18.0
accuracy,0.9281045751633987,0.9281045751633987,0.9281045751633987,0.9281045751633987
macro avg,0.6927173147232178,0.6495884952406692,0.6651146549164886,612.0
weighted avg,0.9236579629518336,0.9281045751633987,0.9238115670851489,612.0
