,precision,recall,f1-score,support
business,0.9615384615384616,0.9090909090909091,0.9345794392523366,55.0
government,0.9177215189873418,0.9666666666666667,0.9415584415584415,150.0
industry,0.9090909090909091,0.43478260869565216,0.5882352941176471,23.0
macro,0.946949602122016,0.9807692307692307,0.9635627530364372,364.0
other,0.0,0.0,0.0,2.0
personal,0.7857142857142857,0.6111111111111112,0.6875000000000001,18.0
accuracy,0.9362745098039216,0.9362745098039216,0.9362745098039216,0.9362745098039216
macro avg,0.7535024629088357,0.650403421055595,0.6859059879941438,612.0
weighted avg,0.9318373308122198,0.9362745098039216,0.9301909955271468,612.0
