,precision,recall,f1-score,support
business,1.0,0.7818181818181819,0.8775510204081632,55.0
government,0.9606299212598425,0.8133333333333334,0.8808664259927798,150.0
industry,0.6,0.391304347826087,0.47368421052631576,23.0
macro,0.9088607594936708,0.9862637362637363,0.9459815546772069,364.0
other,0.0,0.0,0.0,2.0
personal,0.41379310344827586,0.6666666666666666,0.5106382978723404,18.0
accuracy,0.8905228758169934,0.8905228758169934,0.8905228758169934,0.8905228758169934
macro avg,0.6472139640336315,0.6065643776513342,0.6147869182461344,612.0
weighted avg,0.9006014387365057,0.8905228758169934,0.8902267681824781,612.0
