,precision,recall,f1-score,support
business,0.9090909090909091,1.0,0.9523809523809523,10.0
government,0.8461538461538461,0.7857142857142857,0.8148148148148148,14.0
industry,1.0,0.25,0.4,4.0
macro,0.9583333333333334,0.9583333333333334,0.9583333333333334,96.0
other,0.25,0.5,0.3333333333333333,2.0
personal,0.5,0.6666666666666666,0.5714285714285714,3.0
accuracy,0.9069767441860465,0.9069767441860465,0.9069767441860465,0.9069767441860465
macro avg,0.7439296814296815,0.6934523809523809,0.6717151675485008,129.0
weighted avg,0.9219927359462243,0.9069767441860465,0.9062958861408473,129.0
