,precision,recall,f1-score,support
business,0.8421052631578947,0.8888888888888888,0.8648648648648649,18.0
government,0.8,0.9090909090909091,0.8510638297872342,22.0
industry,0.3333333333333333,0.5,0.4,2.0
macro,0.9833333333333333,0.9672131147540983,0.9752066115702478,61.0
other,0.0,0.0,0.0,1.0
personal,1.0,0.5,0.6666666666666666,6.0
accuracy,0.9,0.9,0.9,0.9
macro avg,0.6597953216374269,0.6275321521223161,0.6263003288148355,110.0
weighted avg,0.9037081339712918,0.9,0.8961688648061076,110.0
