,precision,recall,f1-score,support
better,0.8571428571428571,1.0,0.923076923076923,6.0
none,1.0,0.5,0.6666666666666666,2.0
same,0.0,0.0,0.0,2.0
worse,0.875,0.7777777777777778,0.823529411764706,9.0
accuracy,0.7368421052631579,0.7368421052631579,0.7368421052631579,0.7368421052631579
macro avg,0.6830357142857143,0.5694444444444444,0.6033182503770739,19.0
weighted avg,0.7904135338345865,0.7368421052631579,0.7517662935619591,19.0
