,precision,recall,f1-score,support
business,1.0,0.8571428571428571,0.923076923076923,14.0
government,1.0,0.9166666666666666,0.9565217391304348,24.0
industry,0.3,0.3333333333333333,0.3157894736842105,9.0
macro,0.9629629629629629,0.9176470588235294,0.9397590361445782,85.0
other,0.0,0.0,0.0,0.0
personal,1.0,1.0,1.0,6.0
accuracy,0.8768115942028986,0.8768115942028986,0.8768115942028986,0.8768115942028986
macro avg,0.7104938271604938,0.670798319327731,0.6891911953393578,138.0
weighted avg,0.9315351583467525,0.8768115942028986,0.9029074057801043,138.0
