,precision,recall,f1-score,support
business,0.8888888888888888,0.8888888888888888,0.8888888888888888,18.0
government,0.8333333333333334,0.9090909090909091,0.8695652173913043,22.0
industry,0.25,1.0,0.4,2.0
macro,0.9821428571428571,0.9016393442622951,0.9401709401709402,61.0
other,0.0,0.0,0.0,1.0
personal,1.0,0.6666666666666666,0.8,6.0
accuracy,0.8818181818181818,0.8818181818181818,0.8818181818181818,0.8818181818181818
macro avg,0.6590608465608466,0.7277143014847933,0.6497708410751888,110.0
weighted avg,0.9158549783549784,0.8818181818181818,0.8916442012094185,110.0
