,precision,recall,f1-score,support
business,0.0,0.0,0.0,2.0
government,0.6666666666666666,0.8148148148148148,0.7333333333333333,27.0
industry,0.6,0.6,0.6,5.0
macro,0.8714285714285714,0.8472222222222222,0.8591549295774648,72.0
other,0.0,0.0,0.0,4.0
accuracy,0.7818181818181819,0.7818181818181819,0.7818181818181819,0.7818181818181819
macro avg,0.4276190476190476,0.45240740740740737,0.4384976525821596,110.0
weighted avg,0.7612987012987014,0.7818181818181819,0.7696286811779769,110.0
