,precision,recall,f1-score,support
neg,0.8719512195121951,0.8461538461538461,0.8588588588588588,169.0
neutral,0.7761194029850746,0.7591240875912408,0.7675276752767528,137.0
pos,0.71875,0.7666666666666667,0.7419354838709677,120.0
accuracy,0.795774647887324,0.795774647887324,0.795774647887324,0.795774647887324
macro avg,0.78894020749909,0.7906482001372512,0.7894406726688598,426.0
weighted avg,0.7979767941467516,0.795774647887324,0.796550931278353,426.0
