,precision,recall,f1-score,support
neg,0.8493975903614458,0.8392857142857143,0.844311377245509,168.0
neutral,0.7753623188405797,0.7753623188405797,0.7753623188405797,138.0
pos,0.7213114754098361,0.7333333333333333,0.7272727272727273,120.0
accuracy,0.7887323943661971,0.7887323943661971,0.7887323943661971,0.7887323943661971
macro avg,0.7820237948706206,0.7826604554865425,0.7823154744529387,426.0
weighted avg,0.7893337376288807,0.7887323943661971,0.7890071329811567,426.0
