,precision,recall,f1-score,support
business,0.972972972972973,0.6545454545454545,0.782608695652174,55.0
government,0.9432624113475178,0.8866666666666667,0.9140893470790378,150.0
industry,0.6428571428571429,0.391304347826087,0.4864864864864865,23.0
macro,0.9045226130653267,0.989010989010989,0.9448818897637795,364.0
other,0.0,0.0,0.0,2.0
personal,0.6190476190476191,0.7222222222222222,0.6666666666666666,18.0
accuracy,0.9003267973856209,0.9003267973856209,0.9003267973856209,0.9003267973856209
macro avg,0.6804437932150966,0.6072916133785699,0.6324555142746907,612.0
weighted avg,0.8989831336601167,0.9003267973856209,0.8942533944214545,612.0
