,precision,recall,f1-score,support
business,0.9722222222222222,0.6363636363636364,0.7692307692307693,55.0
government,0.9642857142857143,0.72,0.8244274809160306,150.0
industry,0.47058823529411764,0.34782608695652173,0.4,23.0
macro,0.8710462287104623,0.9835164835164835,0.9238709677419354,364.0
other,0.0,0.0,0.0,2.0
personal,0.4,0.6666666666666666,0.5,18.0
accuracy,0.8513071895424836,0.8513071895424836,0.8513071895424836,0.8513071895424836
macro avg,0.6130237334187527,0.5590621455838847,0.5695882029814558,612.0
weighted avg,0.8712409085415889,0.8513071895424836,0.8504262201032048,612.0
