,precision,recall,f1-score,support
business,0.9428571428571428,0.6,0.7333333333333333,55.0
government,0.9108910891089109,0.6133333333333333,0.7330677290836654,150.0
industry,0.4,0.2608695652173913,0.3157894736842105,23.0
macro,0.8710462287104623,0.9835164835164835,0.9238709677419354,364.0
other,0.0,0.0,0.0,2.0
personal,0.19047619047619047,0.4444444444444444,0.26666666666666666,18.0
accuracy,0.8120915032679739,0.8120915032679739,0.8120915032679739,0.8120915032679739
macro avg,0.5525451085254511,0.48369397108527545,0.49545469508496853,612.0
weighted avg,0.8466996812134954,0.8120915032679739,0.8147805275305301,612.0
