,precision,recall,f1-score,support
better,0.8,0.6666666666666666,0.7272727272727273,6.0
irrelevant,0.8888888888888888,0.8888888888888888,0.8888888888888888,9.0
none,0.0,0.0,0.0,1.0
same,0.0,0.0,0.0,0.0
worse,0.6666666666666666,0.6666666666666666,0.6666666666666666,3.0
accuracy,0.7368421052631579,0.7368421052631579,0.7368421052631579,0.7368421052631579
macro avg,0.47111111111111115,0.44444444444444436,0.45656565656565656,19.0
weighted avg,0.7789473684210527,0.7368421052631579,0.7559808612440191,19.0
