,precision,recall,f1-score,support
business,0.0,0.0,0.0,2.0
government,0.6388888888888888,0.8518518518518519,0.7301587301587301,27.0
industry,0.6,0.6,0.6,5.0
macro,0.8823529411764706,0.8333333333333334,0.8571428571428571,72.0
other,0.0,0.0,0.0,4.0
accuracy,0.7818181818181819,0.7818181818181819,0.7818181818181819,0.7818181818181819
macro avg,0.4242483660130719,0.457037037037037,0.43746031746031744,110.0
weighted avg,0.7616310160427807,0.7818181818181819,0.7675324675324674,110.0
