,precision,recall,f1-score,support
better,0.3333333333333333,0.5,0.4,2.0
irrelevant,1.0,0.625,0.7692307692307693,8.0
none,0.0,0.0,0.0,0.0
same,0.0,0.0,0.0,3.0
worse,0.375,0.42857142857142855,0.4,7.0
accuracy,0.45,0.45,0.45,0.45
macro avg,0.3416666666666667,0.3107142857142857,0.3138461538461539,20.0
weighted avg,0.5645833333333333,0.45,0.48769230769230776,20.0
