,precision,recall,f1-score,support
business,1.0,0.7142857142857143,0.8333333333333333,14.0
government,1.0,0.9047619047619048,0.9500000000000001,42.0
industry,1.0,0.4,0.5714285714285715,5.0
macro,0.9125,0.9864864864864865,0.948051948051948,74.0
personal,0.2857142857142857,1.0,0.4444444444444445,2.0
accuracy,0.9124087591240876,0.9124087591240876,0.9124087591240876,0.9124087591240876
macro avg,0.8396428571428572,0.801106821106821,0.7494516594516595,137.0
weighted avg,0.9423096976016683,0.9124087591240876,0.9158287778725734,137.0
