,precision,recall,f1-score,support
business,1.0,0.5,0.6666666666666666,12.0
government,0.9705882352941176,0.825,0.8918918918918919,40.0
industry,0.5,0.6,0.5454545454545454,5.0
macro,0.9302325581395349,0.975609756097561,0.9523809523809523,82.0
other,0.0,0.0,0.0,0.0
personal,0.25,1.0,0.4,2.0
accuracy,0.8794326241134752,0.8794326241134752,0.8794326241134752,0.8794326241134752
macro avg,0.6084701322389421,0.6501016260162601,0.576065676065676,141.0
weighted avg,0.9227134693560748,0.8794326241134752,0.8886396205545142,141.0
