,precision,recall,f1-score,support
business,1.0,0.5,0.6666666666666666,12.0
government,1.0,0.8,0.8888888888888888,40.0
industry,0.3333333333333333,0.4,0.36363636363636365,5.0
macro,0.9302325581395349,0.975609756097561,0.9523809523809523,82.0
personal,0.18181818181818182,1.0,0.3076923076923077,2.0
accuracy,0.8652482269503546,0.8652482269503546,0.8652482269503546,0.8652482269503546
macro avg,0.68907681465821,0.7351219512195122,0.6358530358530358,141.0
weighted avg,0.9241799489201765,0.8652482269503546,0.880030922584114,141.0
