,precision,recall,f1-score,support
business,1.0,0.3333333333333333,0.5,12.0
government,1.0,0.825,0.9041095890410958,40.0
industry,0.3333333333333333,0.4,0.36363636363636365,5.0
macro,0.9302325581395349,0.975609756097561,0.9523809523809523,82.0
other,0.0,0.0,0.0,0.0
personal,0.18181818181818182,1.0,0.3076923076923077,2.0
accuracy,0.8581560283687943,0.8581560283687943,0.8581560283687943,0.8581560283687943
macro avg,0.5742306788818416,0.588990514905149,0.5046365354584532,141.0
weighted avg,0.9241799489201765,0.8581560283687943,0.8701644545421869,141.0
