,precision,recall,f1-score,support
neg,0.0,0.0,0.0,36.0
neutral,0.0,0.0,0.0,30.0
pos,0.27472527472527475,1.0,0.43103448275862066,25.0
accuracy,0.27472527472527475,0.27472527472527475,0.27472527472527475,0.27472527472527475
macro avg,0.09157509157509158,0.3333333333333333,0.14367816091954022,91.0
weighted avg,0.07547397657287767,0.27472527472527475,0.11841606669192875,91.0
