,precision,recall,f1-score,support
business,1.0,0.6428571428571429,0.782608695652174,14.0
government,1.0,0.5,0.6666666666666666,24.0
industry,0.25,0.1111111111111111,0.15384615384615385,9.0
macro,0.8854166666666666,1.0,0.9392265193370166,85.0
other,0.0,0.0,0.0,0.0
personal,0.42857142857142855,1.0,0.6,6.0
accuracy,0.8188405797101449,0.8188405797101449,0.8188405797101449,0.8188405797101449
macro avg,0.5939980158730158,0.5423280423280423,0.5237246725836685,138.0
weighted avg,0.8556655452035886,0.8188405797101449,0.8099666033869003,138.0
