,precision,recall,f1-score,support
better,0.5625,0.782608695652174,0.6545454545454547,23.0
none,0.0,0.0,0.0,7.0
same,0.0,0.0,0.0,8.0
worse,0.5,0.6153846153846154,0.5517241379310345,26.0
accuracy,0.53125,0.53125,0.53125,0.53125
macro avg,0.265625,0.3494983277591973,0.30156739811912225,64.0
weighted avg,0.4052734375,0.53125,0.4593652037617555,64.0
