,precision,recall,f1-score,support
business,0.9814814814814815,0.9636363636363636,0.9724770642201834,55.0
government,0.9119496855345912,0.9666666666666667,0.9385113268608414,150.0
industry,0.9090909090909091,0.43478260869565216,0.5882352941176471,23.0
macro,0.9546666666666667,0.9835164835164835,0.9688768606224627,364.0
other,0.0,0.0,0.0,2.0
personal,0.9230769230769231,0.6666666666666666,0.7741935483870968,18.0
accuracy,0.9444444444444444,0.9444444444444444,0.9444444444444444,0.9444444444444444
macro avg,0.7800442776417619,0.6692114648636388,0.7070490157013719,612.0
weighted avg,0.9408448962464254,0.9444444444444444,0.9385604746135398,612.0
