,precision,recall,f1-score,support
better,0.8,0.5454545454545454,0.6486486486486487,22.0
irrelevant,0.6976744186046512,0.7894736842105263,0.7407407407407407,38.0
none,0.6666666666666666,0.2857142857142857,0.4,7.0
same,0.0,0.0,0.0,8.0
worse,0.5,0.5769230769230769,0.5357142857142857,26.0
accuracy,0.5841584158415841,0.5841584158415841,0.5841584158415841,0.5841584158415841
macro avg,0.5328682170542636,0.4395131184604869,0.46502073502073504,101.0
weighted avg,0.6116662829073606,0.5841584158415841,0.5856137608612856,101.0
