,precision,recall,f1-score,support
business,0.9782608695652174,0.8181818181818182,0.8910891089108911,55.0
government,0.9632352941176471,0.8733333333333333,0.916083916083916,150.0
industry,0.6666666666666666,0.43478260869565216,0.5263157894736842,23.0
macro,0.9300518134715026,0.9862637362637363,0.9573333333333334,364.0
other,0.0,0.0,0.0,2.0
personal,0.5909090909090909,0.7222222222222222,0.65,18.0
accuracy,0.9117647058823529,0.9117647058823529,0.9117647058823529,0.9117647058823529
macro avg,0.6881872891216875,0.6391306197827937,0.656803691300304,612.0
weighted avg,0.9196049003546699,0.9117647058823529,0.9129037334867884,612.0
