,precision,recall,f1-score,support
neg,0.8620689655172413,0.9259259259259259,0.8928571428571429,27.0
neutral,0.8695652173913043,0.8333333333333334,0.851063829787234,24.0
pos,0.8666666666666667,0.8387096774193549,0.8524590163934426,31.0
accuracy,0.8658536585365854,0.8658536585365854,0.8658536585365854,0.8658536585365854
macro avg,0.8661002831917375,0.8659896455595381,0.8654599963459398,82.0
weighted avg,0.866001145768579,0.8658536585365854,0.8653524912223559,82.0
