,precision,recall,f1-score,support
business,1.0,0.6363636363636364,0.7777777777777778,11.0
government,1.0,0.8421052631578947,0.9142857142857143,19.0
industry,1.0,0.4,0.5714285714285714,5.0
macro,0.8428571428571429,1.0,0.9147286821705426,59.0
other,0.0,0.0,0.0,0.0
personal,0.6666666666666666,0.4,0.5,5.0
accuracy,0.8686868686868687,0.8686868686868687,0.8686868686868687,0.8686868686868687
macro avg,0.7515873015873016,0.5464114832535885,0.6130367909437676,99.0
weighted avg,0.8895141895141895,0.8686868686868687,0.8611426185069595,99.0
