,precision,recall,f1-score,support
government,0.5555555555555556,1.0,0.7142857142857143,5.0
industry,1.0,0.5,0.6666666666666666,2.0
macro,1.0,0.8666666666666667,0.9285714285714286,15.0
other,0.0,0.0,0.0,1.0
accuracy,0.8260869565217391,0.8260869565217391,0.8260869565217391,0.8260869565217391
macro avg,0.6388888888888888,0.5916666666666667,0.5773809523809523,23.0
weighted avg,0.8599033816425121,0.8260869565217391,0.818840579710145,23.0
