,precision,recall,f1-score,support
good,0.4,0.625,0.4878048780487805,16.0
irrelevant,0.0,0.0,0.0,38.0
none,0.15384615384615385,0.5,0.23529411764705882,8.0
poor,0.6538461538461539,0.8292682926829268,0.7311827956989247,41.0
accuracy,0.46601941747572817,0.46601941747572817,0.46601941747572817,0.46601941747572817
macro avg,0.30192307692307696,0.48856707317073167,0.363570447848691,103.0
weighted avg,0.33435399551904404,0.46601941747572817,0.3851041321709988,103.0
