,precision,recall,f1-score,support
good,0.7222222222222222,0.8125,0.7647058823529411,16.0
none,0.0,0.0,0.0,9.0
poor,0.7608695652173914,0.8536585365853658,0.8045977011494252,41.0
accuracy,0.7272727272727273,0.7272727272727273,0.7272727272727273,0.7272727272727273
macro avg,0.4943639291465378,0.5553861788617885,0.5231011945007887,66.0
weighted avg,0.6477455716586152,0.7272727272727273,0.6852090888602044,66.0
