,precision,recall,f1-score,support
business,0.9818181818181818,0.9818181818181818,0.9818181818181818,55.0
government,0.9182389937106918,0.9733333333333334,0.9449838187702265,150.0
industry,0.7142857142857143,0.43478260869565216,0.5405405405405405,23.0
macro,0.954177897574124,0.9725274725274725,0.9632653061224489,364.0
other,0.0,0.0,0.0,2.0
personal,0.9230769230769231,0.6666666666666666,0.7741935483870968,18.0
accuracy,0.9411764705882353,0.9411764705882353,0.9411764705882353,0.9411764705882353
macro avg,0.7485996184109392,0.6715213771735512,0.7008002326064157,612.0
weighted avg,0.9348048363031716,0.9411764705882353,0.9358563080841592,612.0
