,precision,recall,f1-score,support
better,0.5,0.5,0.5,6.0
irrelevant,0.0,0.0,0.0,9.0
none,0.0,0.0,0.0,1.0
same,0.0,0.0,0.0,0.0
worse,0.4,0.6666666666666666,0.5,3.0
accuracy,0.2631578947368421,0.2631578947368421,0.2631578947368421,0.2631578947368421
macro avg,0.18,0.2333333333333333,0.2,19.0
weighted avg,0.2210526315789474,0.2631578947368421,0.23684210526315788,19.0
