,precision,recall,f1-score,support
government,0.6666666666666666,0.8,0.7272727272727273,5.0
industry,0.0,0.0,0.0,2.0
macro,0.8235294117647058,0.9333333333333333,0.875,15.0
other,0.0,0.0,0.0,1.0
accuracy,0.782608695652174,0.782608695652174,0.782608695652174,0.782608695652174
macro avg,0.37254901960784315,0.43333333333333335,0.4005681818181818,23.0
weighted avg,0.682011935208866,0.782608695652174,0.7287549407114625,23.0
