,precision,recall,f1-score,support
business,0.0,0.0,0.0,2.0
government,0.875,0.7777777777777778,0.8235294117647058,27.0
industry,0.3333333333333333,0.2,0.25,5.0
macro,0.8395061728395061,0.9444444444444444,0.8888888888888888,72.0
other,0.0,0.0,0.0,4.0
accuracy,0.8181818181818182,0.8181818181818182,0.8181818181818182,0.8181818181818182
macro avg,0.4095679012345679,0.3844444444444445,0.39248366013071895,110.0
weighted avg,0.779419191919192,0.8181818181818182,0.7953208556149732,110.0
