,precision,recall,f1-score,support
neg,0.8633540372670807,0.8273809523809523,0.8449848024316109,168.0
neutral,0.7867647058823529,0.7753623188405797,0.781021897810219,138.0
pos,0.7209302325581395,0.775,0.7469879518072289,120.0
accuracy,0.795774647887324,0.795774647887324,0.795774647887324,0.795774647887324
macro avg,0.790349658569191,0.7925810904071774,0.7909982173496862,426.0
weighted avg,0.7984240271821854,0.795774647887324,0.7966596782234469,426.0
