,precision,recall,f1-score,support
better,0.0,0.0,0.0,2.0
irrelevant,1.0,1.0,1.0,8.0
same,0.0,0.0,0.0,3.0
worse,0.5,0.42857142857142855,0.46153846153846156,7.0
accuracy,0.55,0.55,0.55,0.55
macro avg,0.375,0.35714285714285715,0.3653846153846154,20.0
weighted avg,0.575,0.55,0.5615384615384615,20.0
