,precision,recall,f1-score,support
business,1.0,0.7142857142857143,0.8333333333333333,14.0
government,0.975,0.9285714285714286,0.951219512195122,42.0
industry,0.0,0.0,0.0,5.0
macro,0.9135802469135802,1.0,0.9548387096774192,74.0
personal,0.3333333333333333,0.5,0.4,2.0
accuracy,0.9051094890510949,0.9051094890510949,0.9051094890510949,0.9051094890510949
macro avg,0.6443827160493828,0.6285714285714286,0.6278783110411749,137.0
weighted avg,0.8994277732720555,0.9051094890510949,0.8983646036130717,137.0
