,precision,recall,f1-score,support
business,0.8571428571428571,0.5,0.631578947368421,12.0
government,1.0,0.675,0.8059701492537313,40.0
industry,0.0,0.0,0.0,5.0
macro,0.8791208791208791,0.975609756097561,0.9248554913294798,82.0
other,0.0,0.0,0.0,0.0
personal,0.16666666666666666,1.0,0.2857142857142857,2.0
accuracy,0.8156028368794326,0.8156028368794326,0.8156028368794326,0.8156028368794326
macro avg,0.4838217338217338,0.5251016260162601,0.44135314561098626,141.0
weighted avg,0.8702621255812745,0.8156028368794326,0.8243073205603986,141.0
