,precision,recall,f1-score,support
business,1.0,0.5833333333333334,0.7368421052631579,12.0
government,0.9375,0.75,0.8333333333333334,40.0
industry,0.5,0.4,0.4444444444444444,5.0
macro,0.8695652173913043,0.975609756097561,0.9195402298850575,82.0
other,0.0,0.0,0.0,0.0
personal,0.25,0.5,0.3333333333333333,2.0
accuracy,0.851063829787234,0.851063829787234,0.851063829787234,0.851063829787234
macro avg,0.5928442028985507,0.5348238482384824,0.5445822410432212,141.0
weighted avg,0.8780450200431699,0.851063829787234,0.8543732364252117,141.0
