,precision,recall,f1-score,support
business,1.0,0.5833333333333334,0.7368421052631579,12.0
government,0.9393939393939394,0.775,0.8493150684931506,40.0
industry,0.75,0.6,0.6666666666666666,5.0
macro,0.8695652173913043,0.975609756097561,0.9195402298850575,82.0
personal,0.2,0.5,0.2857142857142857,2.0
accuracy,0.8652482269503546,0.8652482269503546,0.8652482269503546,0.8652482269503546
macro avg,0.7517918313570487,0.6867886178861788,0.6916156712044635,141.0
weighted avg,0.8867383361832946,0.8652482269503546,0.8661118351646847,141.0
