,precision,recall,f1-score,support
business,1.0,0.6666666666666666,0.8,12.0
government,0.9117647058823529,0.775,0.8378378378378378,40.0
industry,0.75,0.6,0.6666666666666666,5.0
macro,0.8695652173913043,0.975609756097561,0.9195402298850575,82.0
personal,0.3333333333333333,0.5,0.4,2.0
accuracy,0.8723404255319149,0.8723404255319149,0.8723404255319149,0.8723404255319149
macro avg,0.7729326513213981,0.7034552845528455,0.7248089468779123,141.0
weighted avg,0.8807915087095585,0.8723404255319149,0.8698520971448338,141.0
