,precision,recall,f1-score,support
business,1.0,0.6666666666666666,0.8,12.0
government,0.967741935483871,0.75,0.8450704225352113,40.0
industry,0.75,0.6,0.6666666666666666,5.0
macro,0.8695652173913043,0.975609756097561,0.9195402298850575,82.0
other,0.0,0.0,0.0,0.0
personal,0.2,0.5,0.2857142857142857,2.0
accuracy,0.8652482269503546,0.8652482269503546,0.8652482269503546,0.8652482269503546
macro avg,0.6312178588125292,0.5820460704607046,0.5861652674668701,141.0
weighted avg,0.8947803208896581,0.8652482269503546,0.8702828202606033,141.0
