,precision,recall,f1-score,support
business,0.8333333333333334,0.4166666666666667,0.5555555555555556,12.0
government,0.9655172413793104,0.7,0.8115942028985508,40.0
industry,0.6666666666666666,0.4,0.5,5.0
macro,0.8791208791208791,0.975609756097561,0.9248554913294798,82.0
other,0.0,0.0,0.0,0.0
personal,0.25,1.0,0.4,2.0
accuracy,0.8297872340425532,0.8297872340425532,0.8297872340425532,0.8297872340425532
macro avg,0.5991063534166983,0.5820460704607046,0.532000874963931,141.0
weighted avg,0.8832761352937436,0.8297872340425532,0.8387842912881278,141.0
