,precision,recall,f1-score,support
business,1.0,0.6428571428571429,0.782608695652174,14.0
government,0.9,0.75,0.8181818181818182,24.0
industry,0.3333333333333333,0.2222222222222222,0.26666666666666666,9.0
macro,0.8854166666666666,1.0,0.9392265193370166,85.0
other,0.0,0.0,0.0,0.0
personal,0.8,0.6666666666666666,0.7272727272727273,6.0
accuracy,0.855072463768116,0.855072463768116,0.855072463768116,0.855072463768116
macro avg,0.6531250000000001,0.546957671957672,0.5889927378517338,138.0
weighted avg,0.8598580917874394,0.855072463768116,0.8492085208896873,138.0
