,precision,recall,f1-score,support
better,0.2608695652173913,0.2608695652173913,0.2608695652173913,23.0
none,0.0,0.0,0.0,7.0
same,0.0,0.0,0.0,8.0
worse,0.2702702702702703,0.38461538461538464,0.31746031746031744,26.0
accuracy,0.25,0.25,0.25,0.25
macro avg,0.13278495887191538,0.16137123745819398,0.1445824706694272,64.0
weighted avg,0.2035472972972973,0.25,0.22271825396825395,64.0
