,precision,recall,f1-score,support
better,0.8125,0.5909090909090909,0.6842105263157895,22.0
irrelevant,0.7647058823529411,0.6842105263157895,0.7222222222222222,38.0
none,0.75,0.42857142857142855,0.5454545454545454,7.0
same,0.0,0.0,0.0,8.0
worse,0.4375,0.5384615384615384,0.4827586206896552,26.0
accuracy,0.5544554455445545,0.5544554455445545,0.5544554455445545,0.5544554455445545
macro avg,0.5529411764705883,0.4484305168515695,0.4869291829364425,101.0
weighted avg,0.6292952824694233,0.5544554455445545,0.5828414057376701,101.0
