,precision,recall,f1-score,support
business,1.0,0.8545454545454545,0.9215686274509803,55.0
government,0.910828025477707,0.9533333333333334,0.9315960912052117,150.0
industry,0.8,0.34782608695652173,0.48484848484848486,23.0
macro,0.9347258485639687,0.9835164835164835,0.9585006693440429,364.0
other,0.0,0.0,0.0,2.0
personal,0.6666666666666666,0.5555555555555556,0.6060606060606061,18.0
accuracy,0.9248366013071896,0.9248366013071896,0.9248366013071896,0.9248366013071896
macro avg,0.7187034234513905,0.6157961523178915,0.650429079818221,612.0
weighted avg,0.9187327004884651,0.9248366013071896,0.9172884606085348,612.0
