,precision,recall,f1-score,support
better,0.6842105263157895,0.5909090909090909,0.6341463414634146,22.0
irrelevant,0.7142857142857143,0.7894736842105263,0.75,38.0
none,1.0,0.2857142857142857,0.4444444444444444,7.0
same,0.0,0.0,0.0,8.0
worse,0.48,0.46153846153846156,0.47058823529411764,26.0
accuracy,0.5643564356435643,0.5643564356435643,0.5643564356435643,0.5643564356435643
macro avg,0.5756992481203007,0.42552710447447295,0.45983580424039533,101.0
weighted avg,0.6106484031861833,0.5643564356435643,0.5722537103064683,101.0
