,precision,recall,f1-score,support
business,0.0,0.0,0.0,2.0
government,0.6521739130434783,0.5555555555555556,0.6,27.0
industry,0.2,0.2,0.20000000000000004,5.0
macro,0.775,0.8493150684931506,0.8104575163398693,73.0
other,0.0,0.0,0.0,4.0
accuracy,0.7027027027027027,0.7027027027027027,0.7027027027027027,0.7027027027027027
macro avg,0.3254347826086956,0.3209741248097412,0.32209150326797387,111.0
weighted avg,0.6773305914610264,0.7027027027027027,0.6879585467820762,111.0
