,precision,recall,f1-score,support
business,0.0,0.0,0.0,2.0
government,0.6153846153846154,0.2962962962962963,0.4,27.0
industry,0.0,0.0,0.0,5.0
macro,0.7204301075268817,0.9178082191780822,0.8072289156626506,73.0
other,0.0,0.0,0.0,4.0
accuracy,0.6756756756756757,0.6756756756756757,0.6756756756756757,0.6756756756756757
macro avg,0.26716294458229944,0.24282090309487572,0.24144578313253015,111.0
weighted avg,0.6234845267103332,0.6756756756756757,0.6281775751655271,111.0
