,precision,recall,f1-score,support
business,1.0,0.7090909090909091,0.8297872340425532,55.0
government,0.937984496124031,0.8066666666666666,0.8673835125448028,150.0
industry,0.4444444444444444,0.34782608695652173,0.3902439024390244,23.0
macro,0.9065656565656566,0.9862637362637363,0.9447368421052632,364.0
other,0.0,0.0,0.0,2.0
personal,0.4,0.5555555555555556,0.46511627906976744,18.0
accuracy,0.8774509803921569,0.8774509803921569,0.8774509803921569,0.8774509803921569
macro avg,0.6148324328556887,0.5675671590888981,0.5828779617002352,612.0
weighted avg,0.8874343065861536,0.8774509803921569,0.8774146046727616,612.0
