,precision,recall,f1-score,support
business,0.9761904761904762,0.7454545454545455,0.845360824742268,55.0
government,0.9504132231404959,0.7666666666666667,0.8487084870848709,150.0
industry,0.42105263157894735,0.34782608695652173,0.38095238095238093,23.0
macro,0.9065656565656566,0.9862637362637363,0.9447368421052632,364.0
other,0.0,0.0,0.0,2.0
personal,0.3548387096774194,0.6111111111111112,0.4489795918367347,18.0
accuracy,0.8725490196078431,0.8725490196078431,0.8725490196078431,0.8725490196078431
macro avg,0.601510116192166,0.5762203577420969,0.5781230211202529,612.0
weighted avg,0.8861334410979721,0.8725490196078431,0.8734131803347013,612.0
