,precision,recall,f1-score,support
business,0.9777777777777777,0.8,0.88,55.0
government,0.950354609929078,0.8933333333333333,0.9209621993127147,150.0
industry,0.6923076923076923,0.391304347826087,0.5,23.0
macro,0.9183673469387755,0.989010989010989,0.9523809523809523,364.0
other,0.0,0.0,0.0,2.0
personal,0.6,0.6666666666666666,0.631578947368421,18.0
accuracy,0.9133986928104575,0.9133986928104575,0.9133986928104575,0.9133986928104575
macro avg,0.6898012378255539,0.623385889472846,0.6474870165103481,612.0
weighted avg,0.9106858831306057,0.9133986928104575,0.9086264993728846,612.0
