,precision,recall,f1-score,support
business,0.9767441860465116,0.7636363636363637,0.8571428571428571,55.0
government,0.936,0.78,0.850909090909091,150.0
industry,0.47058823529411764,0.34782608695652173,0.4,23.0
macro,0.9065656565656566,0.9862637362637363,0.9447368421052632,364.0
other,0.0,0.0,0.0,2.0
personal,0.4,0.5555555555555556,0.46511627906976744,18.0
accuracy,0.8758169934640523,0.8758169934640523,0.8758169934640523,0.8758169934640523
macro avg,0.614983012984381,0.5722136237353629,0.5863175115378297,612.0
weighted avg,0.8858404552846764,0.8758169934640523,0.8762018371385497,612.0
