,precision,recall,f1-score,support
business,0.9777777777777777,0.8,0.88,55.0
government,0.9571428571428572,0.8933333333333333,0.9241379310344827,150.0
industry,0.6923076923076923,0.391304347826087,0.5,23.0
macro,0.9183673469387755,0.989010989010989,0.9523809523809523,364.0
other,0.0,0.0,0.0,2.0
personal,0.6190476190476191,0.7222222222222222,0.6666666666666666,18.0
accuracy,0.9150326797385621,0.9150326797385621,0.9150326797385621,0.9150326797385621
macro avg,0.6941072155357869,0.6326451487321053,0.6538642583470169,612.0
weighted avg,0.9129098933020502,0.9150326797385621,0.9104368567350312,612.0
