,precision,recall,f1-score,support
business,0.9333333333333333,1.0,0.9655172413793104,14.0
government,0.85,0.9444444444444444,0.8947368421052632,18.0
industry,1.0,0.2222222222222222,0.3636363636363636,9.0
macro,0.8695652173913043,0.9523809523809523,0.909090909090909,63.0
personal,1.0,0.5,0.6666666666666666,4.0
accuracy,0.8796296296296297,0.8796296296296297,0.8796296296296297,0.8796296296296297
macro avg,0.9305797101449276,0.7238095238095237,0.7599296045757025,108.0
weighted avg,0.8902710681696188,0.8796296296296297,0.8595798680493175,108.0
