,precision,recall,f1-score,support
energy,1.0,0.6666666666666666,0.8,9.0
housing,1.0,1.0,1.0,3.0
interest,1.0,1.0,1.0,4.0
jobs,1.0,0.9230769230769231,0.96,13.0
macro,0.6666666666666666,1.0,0.8,4.0
market,1.0,1.0,1.0,2.0
none,0.9402985074626866,1.0,0.9692307692307692,63.0
other,0.0,0.0,0.0,1.0
prices,0.0,0.0,0.0,1.0
accuracy,0.94,0.94,0.94,0.94
macro avg,0.7341072415699281,0.7321937321937322,0.7254700854700854,100.0
weighted avg,0.9290547263681591,0.94,0.9294153846153848,100.0
