,precision,recall,f1-score,support
government,0.6666666666666666,0.3333333333333333,0.4444444444444444,6.0
industry,0.0,0.0,0.0,0.0
macro,0.8125,0.8666666666666667,0.8387096774193549,15.0
other,0.0,0.0,0.0,1.0
accuracy,0.6818181818181818,0.6818181818181818,0.6818181818181818,0.6818181818181818
macro avg,0.36979166666666663,0.3,0.3207885304659498,22.0
weighted avg,0.7357954545454546,0.6818181818181818,0.6930596285434996,22.0
