,precision,recall,f1-score,support
business,1.0,0.9285714285714286,0.962962962962963,14.0
government,0.85,0.9444444444444444,0.8947368421052632,18.0
industry,0.8,0.4444444444444444,0.5714285714285714,9.0
macro,0.8823529411764706,0.9523809523809523,0.916030534351145,63.0
personal,1.0,0.5,0.6666666666666666,4.0
accuracy,0.8888888888888888,0.8888888888888888,0.8888888888888888,0.8888888888888888
macro avg,0.9064705882352943,0.753968253968254,0.8023651155029219,108.0
weighted avg,0.8897058823529412,0.8888888888888888,0.8806128899353906,108.0
