,precision,recall,f1-score,support
0,0.40425531914893614,0.8260869565217391,0.5428571428571428,23.0
1,0.5454545454545454,0.23076923076923078,0.3243243243243243,26.0
2,0.0,0.0,0.0,8.0
3,1.0,0.14285714285714285,0.25,7.0
accuracy,0.40625,0.40625,0.40625,0.40625
macro avg,0.4874274661508704,0.29992833253702816,0.27929536679536676,64.0
weighted avg,0.476245164410058,0.40625,0.35418979247104243,64.0
