,precision,recall,f1-score,support
0,0.5294117647058824,0.5625,0.5454545454545455,16.0
1,0.7209302325581395,0.7560975609756098,0.7380952380952381,41.0
2,0.5,0.3333333333333333,0.4,9.0
accuracy,0.6515151515151515,0.6515151515151515,0.6515151515151515,0.6515151515151515
macro avg,0.5834473324213406,0.5506436314363143,0.5611832611832611,66.0
weighted avg,0.6443746631845126,0.6515151515151515,0.6452905680178408,66.0
