,precision,recall,f1-score,support
0,0.0,0.0,0.0,2.0
1,0.2,0.2,0.20000000000000004,5.0
2,0.8823529411764706,0.821917808219178,0.8510638297872339,73.0
3,0.6486486486486487,0.8888888888888888,0.75,27.0
4,1.0,0.25,0.4,4.0
accuracy,0.7747747747747747,0.7747747747747747,0.7747747747747747,0.7747747747747747
macro avg,0.5462003179650239,0.4321613394216134,0.4402127659574468,111.0
weighted avg,0.7831106145891519,0.7747747747747747,0.7655645006708836,111.0
