,precision,recall,f1-score,support
better,0.2,0.3333333333333333,0.25,3.0
none,0.0,0.0,0.0,1.0
same,0.0,0.0,0.0,0.0
worse,0.5,0.16666666666666666,0.25,6.0
accuracy,0.2,0.2,0.2,0.2
macro avg,0.175,0.125,0.125,10.0
weighted avg,0.36,0.2,0.225,10.0
