,precision,recall,f1-score,support
better,1.0,0.5,0.6666666666666666,2.0
irrelevant,1.0,0.5,0.6666666666666666,12.0
none,1.0,0.5,0.6666666666666666,2.0
same,0.0,0.0,0.0,1.0
worse,0.4,0.8,0.5333333333333333,5.0
accuracy,0.5454545454545454,0.5454545454545454,0.5454545454545454,0.5454545454545454
macro avg,0.6799999999999999,0.45999999999999996,0.5066666666666666,22.0
weighted avg,0.8181818181818182,0.5454545454545454,0.6060606060606061,22.0
