,precision,recall,f1-score,support
energy,1.0,0.7777777777777778,0.875,9.0
housing,1.0,1.0,1.0,3.0
interest,1.0,1.0,1.0,4.0
jobs,1.0,1.0,1.0,13.0
macro,1.0,1.0,1.0,4.0
market,0.6666666666666666,1.0,0.8,2.0
none,0.984375,1.0,0.9921259842519685,63.0
other,1.0,1.0,1.0,1.0
prices,1.0,1.0,1.0,1.0
accuracy,0.98,0.98,0.98,0.98
macro avg,0.9612268518518517,0.9753086419753088,0.9630139982502186,100.0
weighted avg,0.9834895833333333,0.98,0.9797893700787401,100.0
