,precision,recall,f1-score,support
business,1.0,0.8571428571428571,0.923076923076923,7.0
government,0.9193548387096774,1.0,0.9579831932773109,57.0
industry,0.0,0.0,0.0,3.0
macro,0.9245283018867925,0.9607843137254902,0.9423076923076923,51.0
personal,1.0,0.5,0.6666666666666666,6.0
accuracy,0.9274193548387096,0.9274193548387096,0.9274193548387096,0.9274193548387096
macro avg,0.768776628119294,0.6635854341736696,0.6980068950657186,124.0
weighted avg,0.9076949129248227,0.9274193548387096,0.9122925224680443,124.0
