,precision,recall,f1-score,support
neg,0.8444444444444444,0.8085106382978723,0.8260869565217391,47.0
neutral,0.8421052631578947,0.7441860465116279,0.7901234567901234,43.0
pos,0.5454545454545454,0.8,0.6486486486486486,15.0
accuracy,0.780952380952381,0.780952380952381,0.780952380952381,0.780952380952381
macro avg,0.7440014176856282,0.7842322282698335,0.7549530206535038,105.0
weighted avg,0.8007736512999671,0.780952380952381,0.7860107174116835,105.0
