,precision,recall,f1-score,support
better,0.8571428571428571,1.0,0.9230769230769231,6.0
none,0.5,0.5,0.5,2.0
same,0.0,0.0,0.0,2.0
worse,0.8571428571428571,0.6666666666666666,0.75,9.0
accuracy,0.6842105263157895,0.6842105263157895,0.6842105263157895,0.6842105263157895
macro avg,0.5535714285714286,0.5416666666666666,0.5432692307692308,19.0
weighted avg,0.7293233082706766,0.6842105263157895,0.6993927125506073,19.0
