,precision,recall,f1-score,support
better,1.0,0.5,0.6666666666666666,2.0
irrelevant,1.0,0.6666666666666666,0.8,12.0
none,1.0,0.5,0.6666666666666666,2.0
same,0.0,0.0,0.0,1.0
worse,0.5,0.8,0.6153846153846154,5.0
accuracy,0.6363636363636364,0.6363636363636364,0.6363636363636364,0.6363636363636364
macro avg,0.7,0.49333333333333335,0.5497435897435897,22.0
weighted avg,0.8409090909090909,0.6363636363636364,0.6974358974358975,22.0
