,precision,recall,f1-score,support
better,0.3333333333333333,0.5,0.4,2.0
irrelevant,1.0,0.875,0.9333333333333333,8.0
none,0.0,0.0,0.0,0.0
same,0.0,0.0,0.0,3.0
worse,0.42857142857142855,0.42857142857142855,0.42857142857142855,7.0
accuracy,0.55,0.55,0.55,0.55
macro avg,0.35238095238095235,0.3607142857142857,0.3523809523809524,20.0
weighted avg,0.5833333333333333,0.55,0.5633333333333334,20.0
