,precision,recall,f1-score,support
business,0.9787234042553191,0.8363636363636363,0.9019607843137255,55.0
government,0.9166666666666666,0.9533333333333334,0.934640522875817,150.0
industry,0.8181818181818182,0.391304347826087,0.5294117647058824,23.0
macro,0.9347258485639687,0.9835164835164835,0.9585006693440429,364.0
other,0.0,0.0,0.0,2.0
personal,0.6666666666666666,0.5555555555555556,0.6060606060606061,18.0
accuracy,0.9248366013071896,0.9248366013071896,0.9248366013071896,0.9248366013071896
macro avg,0.7191607340557399,0.6200122260991826,0.6550957245500123,612.0
weighted avg,0.9189349312573676,0.9248366013071896,0.9179472658614137,612.0
