,precision,recall,f1-score,support
business,1.0,0.5,0.6666666666666666,2.0
government,0.9,0.8181818181818182,0.8571428571428572,11.0
industry,0.5,0.25,0.3333333333333333,4.0
macro,0.9663865546218487,1.0,0.9829059829059829,115.0
other,0.0,0.0,0.0,1.0
personal,0.0,0.0,0.0,0.0
accuracy,0.9473684210526315,0.9473684210526315,0.9473684210526315,0.9473684210526315
macro avg,0.5610644257703081,0.42803030303030304,0.4733414733414733,133.0
weighted avg,0.940108675048967,0.9473684210526315,0.9408227528528281,133.0
