,precision,recall,f1-score,support
business,0.9,0.9,0.9,10.0
government,0.625,0.35714285714285715,0.45454545454545453,14.0
industry,1.0,0.25,0.4,4.0
macro,0.8846153846153846,0.9583333333333334,0.92,96.0
other,0.0,0.0,0.0,2.0
personal,0.25,0.3333333333333333,0.2857142857142857,3.0
accuracy,0.8372093023255814,0.8372093023255814,0.8372093023255814,0.8372093023255814
macro avg,0.6099358974358974,0.46646825396825403,0.4933766233766233,129.0
weighted avg,0.832737030411449,0.8372093023255814,0.8227967381455755,129.0
