,precision,recall,f1-score,support
business,1.0,0.75,0.8571428571428571,12.0
government,0.95,0.95,0.95,40.0
industry,0.8,0.8,0.8,5.0
macro,0.963855421686747,0.975609756097561,0.9696969696969697,82.0
personal,0.25,0.5,0.3333333333333333,2.0
accuracy,0.9361702127659575,0.9361702127659575,0.9361702127659575,0.9361702127659575
macro avg,0.7927710843373494,0.7951219512195122,0.782034632034632,141.0
weighted avg,0.9470648551653423,0.9361702127659575,0.9394860458690246,141.0
