,precision,recall,f1-score,support
business,1.0,0.2857142857142857,0.4444444444444444,14.0
government,1.0,0.7083333333333334,0.8292682926829268,24.0
industry,0.3333333333333333,0.2222222222222222,0.26666666666666666,9.0
macro,0.8585858585858586,1.0,0.9239130434782609,85.0
other,0.0,0.0,0.0,0.0
personal,0.75,1.0,0.8571428571428571,6.0
accuracy,0.8260869565217391,0.8260869565217391,0.8260869565217391,0.8260869565217391
macro avg,0.656986531986532,0.5360449735449736,0.5535725507358593,138.0
weighted avg,0.8585492607231737,0.8260869565217391,0.8130443991675491,138.0
