,precision,recall,f1-score,support
business,1.0,0.2857142857142857,0.4444444444444444,14.0
government,1.0,0.625,0.7692307692307693,24.0
industry,0.2,0.1111111111111111,0.14285714285714285,9.0
macro,0.8585858585858586,1.0,0.9239130434782609,85.0
other,0.0,0.0,0.0,0.0
personal,0.6,1.0,0.75,6.0
accuracy,0.8043478260869565,0.8043478260869565,0.8043478260869565,0.8043478260869565
macro avg,0.6097643097643098,0.5036375661375662,0.5050742333351029,138.0
weighted avg,0.8433318694188259,0.8043478260869565,0.7898701714864286,138.0
