,precision,recall,f1-score,support
business,0.875,0.5,0.6363636363636364,14.0
government,0.9375,0.625,0.75,24.0
industry,0.5,0.2222222222222222,0.3076923076923077,9.0
macro,0.8252427184466019,1.0,0.9042553191489362,85.0
other,0.0,0.0,0.0,0.0
personal,0.8333333333333334,0.8333333333333334,0.8333333333333334,6.0
accuracy,0.8260869565217391,0.8260869565217391,0.8260869565217391,0.8260869565217391
macro avg,0.6618460086299892,0.5300925925925927,0.5719407660897022,138.0
weighted avg,0.8289538483185591,0.8260869565217391,0.808261042072328,138.0
