,precision,recall,f1-score,support
business,0.9333333333333333,0.7777777777777778,0.8484848484848485,18.0
government,0.8181818181818182,0.8181818181818182,0.8181818181818182,22.0
industry,0.6666666666666666,1.0,0.8,2.0
macro,0.9230769230769231,0.9836065573770492,0.9523809523809524,61.0
other,0.0,0.0,0.0,1.0
personal,0.8,0.6666666666666666,0.7272727272727272,6.0
accuracy,0.8909090909090909,0.8909090909090909,0.8909090909090909,0.8909090909090909
macro avg,0.6902097902097902,0.7077054700005521,0.6910533910533911,110.0
weighted avg,0.8840093240093241,0.8909090909090909,0.8848327430145613,110.0
