,precision,recall,f1-score,support
business,1.0,0.8571428571428571,0.923076923076923,7.0
government,0.9344262295081968,1.0,0.9661016949152543,57.0
industry,0.0,0.0,0.0,3.0
macro,0.9245283018867925,0.9607843137254902,0.9423076923076923,51.0
personal,1.0,0.5,0.6666666666666666,6.0
accuracy,0.9274193548387096,0.9274193548387096,0.9274193548387096,0.9274193548387096
macro avg,0.7717909062789978,0.6635854341736696,0.6996305953933072,124.0
weighted avg,0.9146228909531745,0.9274193548387096,0.9160244143500021,124.0
