,precision,recall,f1-score,support
business,0.0,0.0,0.0,1.0
government,0.5714285714285714,1.0,0.7272727272727273,4.0
industry,0.0,0.0,0.0,1.0
macro,0.8461538461538461,0.8461538461538461,0.8461538461538461,13.0
other,0.0,0.0,0.0,1.0
accuracy,0.75,0.75,0.75,0.75
macro avg,0.2835164835164835,0.36923076923076925,0.3146853146853147,20.0
weighted avg,0.6642857142857143,0.75,0.6954545454545455,20.0
