,precision,recall,f1-score,support
neg,0.8484848484848485,0.9333333333333333,0.888888888888889,30.0
neutral,0.8421052631578947,0.8421052631578947,0.8421052631578947,19.0
pos,0.9259259259259259,0.8333333333333334,0.8771929824561403,30.0
accuracy,0.8734177215189873,0.8734177215189873,0.8734177215189873,0.8734177215189873
macro avg,0.8721720125228898,0.8695906432748538,0.8693957115009746,79.0
weighted avg,0.8763585219281422,0.8734177215189873,0.8731956473462136,79.0
