,precision,recall,f1-score,support
neg,0.8064516129032258,0.8333333333333334,0.819672131147541,30.0
neutral,0.6956521739130435,0.8421052631578947,0.761904761904762,19.0
pos,0.88,0.7333333333333333,0.8,30.0
accuracy,0.7974683544303798,0.7974683544303798,0.7974683544303798,0.7974683544303798
macro avg,0.7940345956054231,0.8029239766081872,0.7938589643507677,79.0
weighted avg,0.8077334138157544,0.7974683544303798,0.7983082836786926,79.0
