,precision,recall,f1-score,support
business,0.0,0.0,0.0,11.0
government,0.0,0.0,0.0,19.0
industry,0.0,0.0,0.0,5.0
macro,0.5876288659793815,0.9661016949152542,0.7307692307692307,59.0
other,0.0,0.0,0.0,0.0
personal,0.0,0.0,0.0,5.0
accuracy,0.5757575757575758,0.5757575757575758,0.5757575757575758,0.5757575757575758
macro avg,0.0979381443298969,0.16101694915254236,0.12179487179487179,99.0
weighted avg,0.35020306154326775,0.5757575757575758,0.4355089355089355,99.0
