,precision,recall,f1-score,support
business,0.9333333333333333,1.0,0.9655172413793104,14.0
government,0.85,0.9444444444444444,0.8947368421052632,18.0
industry,1.0,0.3333333333333333,0.5,9.0
macro,0.8823529411764706,0.9523809523809523,0.916030534351145,63.0
personal,1.0,0.5,0.6666666666666666,4.0
accuracy,0.8888888888888888,0.8888888888888888,0.8888888888888888,0.8888888888888888
macro avg,0.9331372549019609,0.746031746031746,0.7885902569004769,108.0
weighted avg,0.8977305737109659,0.8888888888888888,0.8749916191480915,108.0
