,precision,recall,f1-score,support
government,0.5,0.5,0.5,6.0
industry,0.0,0.0,0.0,0.0
macro,0.8333333333333334,0.6666666666666666,0.7407407407407408,15.0
other,0.0,0.0,0.0,1.0
accuracy,0.5909090909090909,0.5909090909090909,0.5909090909090909,0.5909090909090909
macro avg,0.33333333333333337,0.29166666666666663,0.31018518518518523,22.0
weighted avg,0.7045454545454546,0.5909090909090909,0.6414141414141414,22.0
