,precision,recall,f1-score,support
energy,1.0,0.1111111111111111,0.2,9.0
housing,1.0,1.0,1.0,3.0
interest,1.0,1.0,1.0,4.0
jobs,1.0,0.8461538461538461,0.9166666666666666,13.0
macro,0.6666666666666666,1.0,0.8,4.0
market,0.5,1.0,0.6666666666666666,2.0
none,0.9,1.0,0.9473684210526315,63.0
other,0.0,0.0,0.0,1.0
prices,0.0,0.0,0.0,1.0
accuracy,0.88,0.88,0.88,0.88
macro avg,0.674074074074074,0.6619183285849952,0.614522417153996,100.0
weighted avg,0.8936666666666667,0.88,0.8493421052631579,100.0
