,precision,recall,f1-score,support
business,1.0,1.0,1.0,8.0
government,1.0,0.8867924528301887,0.94,53.0
macro,0.9333333333333333,1.0,0.9655172413793104,42.0
other,0.0,0.0,0.0,0.0
personal,0.5,1.0,0.6666666666666666,2.0
accuracy,0.9428571428571428,0.9428571428571428,0.9428571428571428,0.9428571428571428
macro avg,0.6866666666666668,0.7773584905660378,0.7144367816091954,105.0
weighted avg,0.9638095238095238,0.9428571428571428,0.9495719759168035,105.0
