,precision,recall,f1-score,support
business,1.0,1.0,1.0,8.0
government,1.0,0.8679245283018868,0.9292929292929293,53.0
macro,0.9333333333333333,1.0,0.9655172413793104,42.0
other,0.0,0.0,0.0,0.0
personal,0.4,1.0,0.5714285714285714,2.0
accuracy,0.9333333333333333,0.9333333333333333,0.9333333333333333,0.9333333333333333
macro avg,0.6666666666666667,0.7735849056603774,0.6932477484201621,105.0
weighted avg,0.9619047619047619,0.9333333333333333,0.942353395555366,105.0
