,precision,recall,f1-score,support
business,0.9333333333333333,1.0,0.9655172413793104,14.0
government,0.8571428571428571,1.0,0.923076923076923,18.0
industry,1.0,0.3333333333333333,0.5,9.0
macro,0.8955223880597015,0.9523809523809523,0.923076923076923,63.0
personal,1.0,0.5,0.6666666666666666,4.0
accuracy,0.8981481481481481,0.8981481481481481,0.8981481481481481,0.8981481481481481
macro avg,0.9371997157071783,0.7571428571428571,0.7956675508399645,108.0
weighted avg,0.9066032272499934,0.8981481481481481,0.8838253594000721,108.0
