,precision,recall,f1-score,support
good,0.6842105263157895,0.8125,0.7428571428571429,16.0
irrelevant,0.7380952380952381,0.8157894736842105,0.775,38.0
none,1.0,0.5,0.6666666666666666,8.0
poor,0.7368421052631579,0.6829268292682927,0.7088607594936709,41.0
accuracy,0.7378640776699029,0.7378640776699029,0.7378640776699029,0.7378640776699029
macro avg,0.7897869674185464,0.7028040757381259,0.7233461422543701,103.0
weighted avg,0.7495680949947684,0.7378640776699029,0.7352654248377489,103.0
