,precision,recall,f1-score,support
better,0.7368421052631579,0.6363636363636364,0.6829268292682927,22.0
irrelevant,0.7692307692307693,0.7894736842105263,0.7792207792207793,38.0
none,1.0,0.42857142857142855,0.6,7.0
same,0.0,0.0,0.0,8.0
worse,0.5357142857142857,0.5769230769230769,0.5555555555555556,26.0
accuracy,0.6138613861386139,0.6138613861386139,0.6138613861386139,0.6138613861386139
macro avg,0.6083574320416425,0.4862663652137337,0.5235406328089255,101.0
weighted avg,0.6571273957933677,0.6138613861386139,0.6265269732548168,101.0
