,precision,recall,f1-score,support
neg,0.8502994011976048,0.8452380952380952,0.8477611940298507,168.0
neutral,0.7635135135135135,0.8188405797101449,0.7902097902097902,138.0
pos,0.8288288288288288,0.7666666666666667,0.7965367965367965,120.0
accuracy,0.8145539906103286,0.8145539906103286,0.8145539906103286,0.8145539906103286
macro avg,0.8142139145133157,0.810248447204969,0.8115025935921459,426.0
weighted avg,0.8161376143791593,0.8145539906103286,0.8146883737802384,426.0
