,precision,recall,f1-score,support
neg,0.8597560975609756,0.8392857142857143,0.8493975903614458,168.0
neutral,0.8,0.782608695652174,0.7912087912087912,138.0
pos,0.7244094488188977,0.7666666666666667,0.7449392712550608,120.0
accuracy,0.8004694835680751,0.8004694835680751,0.8004694835680751,0.8004694835680751
macro avg,0.7947218487932911,0.7961870255348517,0.7951818842750993,426.0
weighted avg,0.802272671944863,0.8004694835680751,0.8011228190566745,426.0
