,precision,recall,f1-score,support
neg,0.8711656441717791,0.8402366863905325,0.8554216867469879,169.0
neutral,0.7761194029850746,0.7591240875912408,0.7675276752767528,137.0
pos,0.7131782945736435,0.7666666666666667,0.7389558232931728,120.0
accuracy,0.7934272300469484,0.7934272300469484,0.7934272300469484,0.7934272300469484
macro avg,0.7868211139101656,0.7886758135494799,0.7873017284389712,426.0
weighted avg,0.7960956512272842,0.7934272300469484,0.7943480172965655,426.0
