,precision,recall,f1-score,support
business,0.9433962264150944,0.9090909090909091,0.9259259259259259,55.0
government,0.9125,0.9733333333333334,0.9419354838709678,150.0
industry,0.5882352941176471,0.43478260869565216,0.5,23.0
macro,0.959349593495935,0.9725274725274725,0.9658935879945431,364.0
other,0.0,0.0,0.0,2.0
personal,0.7692307692307693,0.5555555555555556,0.6451612903225806,18.0
accuracy,0.9313725490196079,0.9313725490196079,0.9313725490196079,0.9313725490196079
macro avg,0.695451980543241,0.6408816465338205,0.6631527146856696,612.0
weighted avg,0.9237591668238728,0.9313725490196079,0.9263307479777635,612.0
