,precision,recall,f1-score,support
business,1.0,0.8181818181818182,0.9,55.0
government,0.9432624113475178,0.8866666666666667,0.9140893470790378,150.0
industry,0.7142857142857143,0.43478260869565216,0.5405405405405406,23.0
macro,0.9393139841688655,0.978021978021978,0.9582772543741588,364.0
other,0.0,0.0,0.0,2.0
personal,0.5,0.6666666666666666,0.5714285714285714,18.0
accuracy,0.9084967320261438,0.9084967320261438,0.9084967320261438,0.9084967320261438
macro avg,0.682810351633683,0.6307199563721303,0.6473892855703848,612.0
weighted avg,0.92128794668001,0.9084967320261438,0.912000766948033,612.0
