,precision,recall,f1-score,support
business,0.9803921568627451,0.9090909090909091,0.9433962264150944,55.0
government,0.9470198675496688,0.9533333333333334,0.9501661129568106,150.0
industry,0.8666666666666667,0.5652173913043478,0.6842105263157895,23.0
macro,0.962059620596206,0.9752747252747253,0.9686221009549796,364.0
other,0.2,0.5,0.2857142857142857,2.0
personal,0.6190476190476191,0.7222222222222222,0.6666666666666666,18.0
accuracy,0.9395424836601307,0.9395424836601307,0.9395424836601307,0.9395424836601307
macro avg,0.7625309884538177,0.7708564302042563,0.7497959865039378,612.0
weighted avg,0.9438569299560632,0.9395424836601307,0.9400301059161048,612.0
