,precision,recall,f1-score,support
business,0.8888888888888888,0.8888888888888888,0.8888888888888888,18.0
government,0.7916666666666666,0.8636363636363636,0.8260869565217391,22.0
industry,0.0,0.0,0.0,2.0
macro,0.9230769230769231,0.9836065573770492,0.9523809523809524,61.0
other,0.0,0.0,0.0,1.0
personal,1.0,0.5,0.6666666666666666,6.0
accuracy,0.8909090909090909,0.8909090909090909,0.8909090909090909,0.8909090909090909
macro avg,0.6006054131054132,0.5393553016503837,0.5556705774097078,110.0
weighted avg,0.8702214452214453,0.8909090909090909,0.8751741012610579,110.0
