,precision,recall,f1-score,support
business,1.0,0.75,0.8571428571428571,12.0
government,0.9459459459459459,0.875,0.9090909090909091,40.0
industry,0.8,0.8,0.8,5.0
macro,0.9411764705882353,0.975609756097561,0.9580838323353293,82.0
other,0.0,0.0,0.0,0.0
personal,0.25,0.5,0.3333333333333333,2.0
accuracy,0.9148936170212766,0.9148936170212766,0.9148936170212766,0.9148936170212766
macro avg,0.6561870694223636,0.6501016260162601,0.6429418219837382,141.0
weighted avg,0.9327255916742774,0.9148936170212766,0.9211268905497468,141.0
