,precision,recall,f1-score,support
business,0.9787234042553191,0.8363636363636363,0.9019607843137255,55.0
government,0.9448275862068966,0.9133333333333333,0.9288135593220339,150.0
industry,0.7692307692307693,0.43478260869565216,0.5555555555555556,23.0
macro,0.9324675324675324,0.9862637362637363,0.9586114819759679,364.0
other,0.0,0.0,0.0,2.0
personal,0.6190476190476191,0.7222222222222222,0.6666666666666666,18.0
accuracy,0.923202614379085,0.923202614379085,0.923202614379085,0.923202614379085
macro avg,0.7073828185346894,0.6488275894797634,0.6686013413056583,612.0
weighted avg,0.9212537121216073,0.923202614379085,0.9193500559682843,612.0
