,precision,recall,f1-score,support
business,0.96,0.8727272727272727,0.9142857142857144,55.0
government,0.8974358974358975,0.9333333333333333,0.9150326797385621,150.0
industry,1.0,0.043478260869565216,0.08333333333333333,23.0
macro,0.9088607594936708,0.9862637362637363,0.9459815546772068,364.0
other,0.0,0.0,0.0,2.0
personal,0.8,0.4444444444444444,0.5714285714285714,18.0
accuracy,0.9084967320261438,0.9084967320261438,0.9084967320261438,0.9084967320261438
macro avg,0.7610494428215947,0.5467078412730587,0.5716769755772314,612.0
weighted avg,0.9079096422730079,0.9084967320261438,0.8890200704270962,612.0
