,precision,recall,f1-score,support
better,1.0,0.3333333333333333,0.5,6.0
none,0.0,0.0,0.0,1.0
same,0.0,0.0,0.0,0.0
worse,0.3333333333333333,0.6666666666666666,0.4444444444444444,3.0
accuracy,0.4,0.4,0.4,0.4
macro avg,0.3333333333333333,0.25,0.2361111111111111,10.0
weighted avg,0.7,0.4,0.4333333333333333,10.0
