,precision,recall,f1-score,support
energy,1.0,0.5555555555555556,0.7142857142857143,9.0
housing,1.0,1.0,1.0,3.0
interest,1.0,0.75,0.8571428571428571,4.0
jobs,1.0,1.0,1.0,13.0
macro,0.6666666666666666,1.0,0.8,4.0
market,1.0,1.0,1.0,2.0
none,0.9264705882352942,1.0,0.9618320610687023,63.0
other,0.0,0.0,0.0,1.0
prices,0.0,0.0,0.0,1.0
accuracy,0.93,0.93,0.93,0.93
macro avg,0.7325708061002179,0.7006172839506173,0.7036956258330304,100.0
weighted avg,0.9203431372549019,0.93,0.9165256270447111,100.0
