,precision,recall,f1-score,support
business,1.0,0.7142857142857143,0.8333333333333334,14.0
government,0.8214285714285714,0.9583333333333334,0.8846153846153846,24.0
industry,0.5,0.1111111111111111,0.18181818181818182,9.0
macro,0.8947368421052632,1.0,0.9444444444444444,85.0
personal,1.0,0.5,0.6666666666666666,6.0
accuracy,0.8840579710144928,0.8840579710144928,0.8840579710144928,0.8840579710144928
macro avg,0.843233082706767,0.6567460317460319,0.7021756021756022,138.0
weighted avg,0.8714994006756022,0.8840579710144928,0.8609534587795458,138.0
