,precision,recall,f1-score,support
business,1.0,0.7142857142857143,0.8333333333333334,14.0
government,0.8461538461538461,0.9166666666666666,0.88,24.0
industry,0.5,0.2222222222222222,0.3076923076923077,9.0
macro,0.9042553191489362,1.0,0.9497206703910615,85.0
other,0.0,0.0,0.0,0.0
personal,1.0,0.5,0.6666666666666666,6.0
accuracy,0.8840579710144928,0.8840579710144928,0.8840579710144928,0.8840579710144928
macro avg,0.7084015275504637,0.5588624338624338,0.6062354963472282,138.0
weighted avg,0.8816622785170427,0.8840579710144928,0.8716098146314323,138.0
