,precision,recall,f1-score,support
0,0.7176470588235294,0.7176470588235294,0.7176470588235294,85.0
1,0.75,0.8235294117647058,0.7850467289719627,102.0
2,0.5555555555555556,0.43478260869565216,0.4878048780487805,46.0
accuracy,0.7081545064377682,0.7081545064377682,0.7081545064377682,0.7081545064377682
macro avg,0.674400871459695,0.6586530264279624,0.6634995552814242,233.0
weighted avg,0.6998092513113972,0.7081545064377682,0.7017759259458545,233.0
