,precision,recall,f1-score,support
better,1.0,0.5,0.6666666666666666,2.0
irrelevant,0.875,0.5833333333333334,0.7,12.0
none,1.0,0.5,0.6666666666666666,2.0
same,0.0,0.0,0.0,1.0
worse,0.375,0.6,0.46153846153846156,5.0
accuracy,0.5454545454545454,0.5454545454545454,0.5454545454545454,0.5454545454545454
macro avg,0.65,0.4366666666666667,0.498974358974359,22.0
weighted avg,0.7443181818181818,0.5454545454545454,0.607925407925408,22.0
