,precision,recall,f1-score,support
government,0.8333333333333334,0.5555555555555556,0.6666666666666667,9.0
industry,0.0,0.0,0.0,1.0
macro,0.6666666666666666,0.8333333333333334,0.7407407407407408,12.0
other,0.0,0.0,0.0,0.0
accuracy,0.6818181818181818,0.6818181818181818,0.6818181818181818,0.6818181818181818
macro avg,0.375,0.3472222222222222,0.35185185185185186,22.0
weighted avg,0.7045454545454546,0.6818181818181818,0.6767676767676768,22.0
