,precision,recall,f1-score,support
energy,1.0,1.0,1.0,9.0
housing,1.0,1.0,1.0,3.0
interest,1.0,1.0,1.0,4.0
jobs,1.0,1.0,1.0,13.0
macro,0.6666666666666666,1.0,0.8,4.0
market,1.0,1.0,1.0,2.0
none,1.0,1.0,1.0,63.0
other,0.0,0.0,0.0,1.0
prices,0.0,0.0,0.0,1.0
accuracy,0.98,0.98,0.98,0.98
macro avg,0.7407407407407407,0.7777777777777778,0.7555555555555555,100.0
weighted avg,0.9666666666666667,0.98,0.972,100.0
