,precision,recall,f1-score,support
energy,0.0,0.0,0.0,9.0
housing,1.0,1.0,1.0,3.0
interest,1.0,0.75,0.8571428571428571,4.0
jobs,1.0,1.0,1.0,13.0
macro,0.6666666666666666,1.0,0.8,4.0
market,1.0,1.0,1.0,2.0
none,0.863013698630137,1.0,0.9264705882352942,63.0
other,0.0,0.0,0.0,1.0
prices,0.0,0.0,0.0,1.0
accuracy,0.88,0.88,0.88,0.88
macro avg,0.6144089294774226,0.6388888888888888,0.6204014939309057,100.0
weighted avg,0.7903652968036531,0.88,0.8299621848739496,100.0
