,precision,recall,f1-score,support
good,1.0,1.0,1.0,2.0
irrelevant,0.8888888888888888,1.0,0.9411764705882353,8.0
none,0.0,0.0,0.0,2.0
poor,0.8,0.8888888888888888,0.8421052631578947,9.0
accuracy,0.8571428571428571,0.8571428571428571,0.8571428571428571,0.8571428571428571
macro avg,0.6722222222222223,0.7222222222222222,0.6958204334365325,21.0
weighted avg,0.7767195767195767,0.8571428571428571,0.8146837682441398,21.0
