,precision,recall,f1-score,support
good,1.0,1.0,1.0,2.0
irrelevant,0.0,0.0,0.0,8.0
none,0.0,0.0,0.0,2.0
poor,0.6428571428571429,1.0,0.782608695652174,9.0
accuracy,0.5238095238095238,0.5238095238095238,0.5238095238095238,0.5238095238095238
macro avg,0.4107142857142857,0.5,0.44565217391304346,21.0
weighted avg,0.3707482993197279,0.5238095238095238,0.43064182194616984,21.0
