,precision,recall,f1-score,support
better,0.0,0.0,0.0,3.0
same,0.2,0.3333333333333333,0.25,3.0
worse,0.3333333333333333,0.2857142857142857,0.3076923076923077,7.0
accuracy,0.23076923076923078,0.23076923076923078,0.23076923076923078,0.23076923076923078
macro avg,0.17777777777777778,0.20634920634920637,0.1858974358974359,13.0
weighted avg,0.22564102564102562,0.23076923076923078,0.2233727810650888,13.0
