,precision,recall,f1-score,support
good,1.0,1.0,1.0,2.0
none,0.0,0.0,0.0,2.0
poor,0.8181818181818182,1.0,0.9,9.0
accuracy,0.8461538461538461,0.8461538461538461,0.8461538461538461,0.8461538461538461
macro avg,0.6060606060606061,0.6666666666666666,0.6333333333333333,13.0
weighted avg,0.7202797202797202,0.8461538461538461,0.7769230769230769,13.0
