,precision,recall,f1-score,support
better,0.782608695652174,0.782608695652174,0.782608695652174,23.0
none,0.8333333333333334,0.7142857142857143,0.7692307692307692,7.0
same,0.08333333333333333,0.125,0.1,8.0
worse,0.7391304347826086,0.6538461538461539,0.693877551020408,26.0
accuracy,0.640625,0.640625,0.640625,0.640625
macro avg,0.6096014492753623,0.5689351409460105,0.5864292539758378,64.0
weighted avg,0.6830842391304348,0.640625,0.6597723704866562,64.0
