,precision,recall,f1-score,support
good,0.7692307692307693,0.625,0.6896551724137931,16.0
none,0.6,0.75,0.6666666666666665,8.0
poor,0.8333333333333334,0.8536585365853658,0.8433734939759037,41.0
accuracy,0.7846153846153846,0.7846153846153846,0.7846153846153846,0.7846153846153846
macro avg,0.7341880341880342,0.7428861788617885,0.7332317776854543,65.0
weighted avg,0.788836291913215,0.7846153846153846,0.7837866053071703,65.0
