,precision,recall,f1-score,support
better,0.7368421052631579,0.6363636363636364,0.6829268292682927,22.0
irrelevant,0.7631578947368421,0.7631578947368421,0.7631578947368421,38.0
none,1.0,0.42857142857142855,0.6,7.0
same,0.0,0.0,0.0,8.0
worse,0.5172413793103449,0.5769230769230769,0.5454545454545454,26.0
accuracy,0.6039603960396039,0.6039603960396039,0.6039603960396039,0.6039603960396039
macro avg,0.603448275862069,0.48100320731899676,0.5183078538919361,101.0
weighted avg,0.6500871502758261,0.6039603960396039,0.6178832517398082,101.0
