,precision,recall,f1-score,support
good,0.6111111111111112,0.6875,0.6470588235294118,16.0
irrelevant,0.7837837837837838,0.7631578947368421,0.7733333333333333,38.0
none,0.35714285714285715,0.625,0.45454545454545453,8.0
poor,0.7352941176470589,0.6097560975609756,0.6666666666666666,41.0
accuracy,0.6796116504854369,0.6796116504854369,0.6796116504854369,0.6796116504854369
macro avg,0.6218329674212028,0.6713534980744544,0.6354010695187166,103.0
weighted avg,0.7045219732255712,0.6796116504854369,0.686498104978973,103.0
