,precision,recall,f1-score,support
better,0.7368421052631579,0.6363636363636364,0.6829268292682927,22.0
irrelevant,0.7631578947368421,0.7631578947368421,0.7631578947368421,38.0
none,0.75,0.42857142857142855,0.5454545454545454,7.0
same,0.0,0.0,0.0,8.0
worse,0.5185185185185185,0.5384615384615384,0.5283018867924528,26.0
accuracy,0.594059405940594,0.594059405940594,0.594059405940594,0.594059405940594
macro avg,0.5537037037037037,0.4733108996266891,0.5039682312504266,101.0
weighted avg,0.6330891861115936,0.594059405940594,0.6096873378087924,101.0
