,precision,recall,f1-score,support
business,0.5,0.5,0.5,2.0
government,0.8275862068965517,0.8888888888888888,0.8571428571428572,27.0
industry,0.4,0.8,0.5333333333333333,5.0
macro,0.9393939393939394,0.8611111111111112,0.8985507246376813,72.0
other,0.3333333333333333,0.25,0.28571428571428575,4.0
accuracy,0.8363636363636363,0.8363636363636363,0.8363636363636363,0.8363636363636363
macro avg,0.6000626959247649,0.66,0.6149482401656314,110.0
weighted avg,0.8574047686900352,0.8363636363636363,0.8422548466026727,110.0
