,precision,recall,f1-score,support
business,0.0,0.0,0.0,2.0
government,0.7096774193548387,0.8148148148148148,0.7586206896551724,27.0
industry,0.6,0.6,0.6,5.0
macro,0.875,0.875,0.875,72.0
other,0.0,0.0,0.0,4.0
accuracy,0.8,0.8,0.8,0.8
macro avg,0.4369354838709677,0.4579629629629629,0.44672413793103444,110.0
weighted avg,0.7741935483870968,0.8,0.7862068965517242,110.0
