,precision,recall,f1-score,support
business,0.9583333333333334,0.8363636363636363,0.8932038834951457,55.0
government,0.9295774647887324,0.88,0.9041095890410958,150.0
industry,0.3548387096774194,0.4782608695652174,0.40740740740740744,23.0
macro,0.9504373177842566,0.8956043956043956,0.9222065063649222,364.0
other,0.047619047619047616,0.5,0.08695652173913042,2.0
personal,0.5185185185185185,0.7777777777777778,0.6222222222222222,18.0
accuracy,0.8660130718954249,0.8660130718954249,0.8660130718954249,0.8660130718954249
macro avg,0.6265540652868846,0.7280011132185046,0.6393510217116539,612.0
weighted avg,0.9079967295363802,0.8660130718954249,0.8842648752926108,612.0
