,precision,recall,f1-score,support
business,0.9423076923076923,0.8909090909090909,0.9158878504672897,55.0
government,0.9177215189873418,0.9666666666666667,0.9415584415584415,150.0
industry,0.5789473684210527,0.4782608695652174,0.5238095238095238,23.0
macro,0.9566395663956639,0.9697802197802198,0.9631650750341064,364.0
other,0.0,0.0,0.0,2.0
personal,0.7142857142857143,0.5555555555555556,0.6250000000000001,18.0
accuracy,0.9281045751633987,0.9281045751633987,0.9281045751633987,0.9281045751633987
macro avg,0.6849836433995775,0.6435287337461251,0.6615701484782269,612.0
weighted avg,0.9213641918690737,0.9281045751633987,0.9240152032181387,612.0
