,precision,recall,f1-score,support
business,0.95,0.34545454545454546,0.5066666666666667,55.0
government,0.9285714285714286,0.3466666666666667,0.5048543689320388,150.0
industry,0.8571428571428571,0.2608695652173913,0.4,23.0
macro,0.7045009784735812,0.989010989010989,0.8228571428571428,364.0
other,0.0,0.0,0.0,2.0
personal,0.625,0.5555555555555556,0.5882352941176471,18.0
accuracy,0.7303921568627451,0.7303921568627451,0.7303921568627451,0.7303921568627451
macro avg,0.6775358773646444,0.41625955365085804,0.47043557876224923,612.0
weighted avg,0.782579013340496,0.7303921568627451,0.6910180674846244,612.0
