,precision,recall,f1-score,support
business,0.9411764705882353,0.8727272727272727,0.9056603773584905,55.0
government,0.9177215189873418,0.9666666666666667,0.9415584415584415,150.0
industry,0.6111111111111112,0.4782608695652174,0.5365853658536586,23.0
macro,0.954177897574124,0.9725274725274725,0.9632653061224489,364.0
other,0.0,0.0,0.0,2.0
personal,0.7142857142857143,0.5555555555555556,0.6250000000000001,18.0
accuracy,0.9281045751633987,0.9281045751633987,0.9281045751633987,0.9281045751633987
macro avg,0.6897454520910878,0.6409563061736975,0.6620115818155066,612.0
weighted avg,0.921007168072114,0.9281045751633987,0.9236358199864194,612.0
