,precision,recall,f1-score,support
business,0.0,0.0,0.0,55.0
government,0.0,0.0,0.0,150.0
industry,0.0,0.0,0.0,23.0
macro,0.5753424657534246,0.9230769230769231,0.7088607594936709,364.0
other,0.0,0.0,0.0,2.0
personal,0.0,0.0,0.0,18.0
accuracy,0.5490196078431373,0.5490196078431373,0.5490196078431373,0.5490196078431373
macro avg,0.0958904109589041,0.15384615384615385,0.11814345991561181,612.0
weighted avg,0.3421971528337362,0.5490196078431373,0.42160999420865397,612.0
