,precision,recall,f1-score,support
better,0.8333333333333334,0.8333333333333334,0.8333333333333334,6.0
none,0.0,0.0,0.0,1.0
same,0.0,0.0,0.0,0.0
worse,1.0,0.6666666666666666,0.8,3.0
accuracy,0.7,0.7,0.7,0.7
macro avg,0.45833333333333337,0.375,0.4083333333333333,10.0
weighted avg,0.8,0.7,0.74,10.0
