,precision,recall,f1-score,support
business,0.0,0.0,0.0,1.0
government,0.7142857142857143,0.8333333333333334,0.7692307692307692,6.0
industry,0.0,0.0,0.0,1.0
macro,0.7857142857142857,0.8461538461538461,0.8148148148148148,13.0
other,0.0,0.0,0.0,1.0
accuracy,0.7272727272727273,0.7272727272727273,0.7272727272727273,0.7272727272727273
macro avg,0.3,0.3358974358974359,0.31680911680911683,22.0
weighted avg,0.6590909090909091,0.7272727272727273,0.6912716912716912,22.0
