,precision,recall,f1-score,support
business,1.0,0.9090909090909091,0.9523809523809523,11.0
government,0.8636363636363636,1.0,0.9268292682926829,19.0
industry,0.7142857142857143,1.0,0.8333333333333333,5.0
macro,0.9464285714285714,0.8983050847457628,0.9217391304347826,59.0
other,0.0,0.0,0.0,0.0
personal,1.0,0.6,0.7499999999999999,5.0
accuracy,0.9090909090909091,0.9090909090909091,0.9090909090909091,0.9090909090909091
macro avg,0.7540584415584416,0.7345659989727786,0.7307137807402918,99.0
weighted avg,0.927472779745507,0.9090909090909091,0.9129820397582856,99.0
