,precision,recall,f1-score,support
better,0.5,0.5,0.5,2.0
irrelevant,1.0,0.5,0.6666666666666666,12.0
none,1.0,0.5,0.6666666666666666,2.0
same,0.0,0.0,0.0,1.0
worse,0.5,1.0,0.6666666666666666,5.0
accuracy,0.5909090909090909,0.5909090909090909,0.5909090909090909,0.5909090909090909
macro avg,0.6,0.5,0.4999999999999999,22.0
weighted avg,0.7954545454545454,0.5909090909090909,0.6212121212121212,22.0
