,precision,recall,f1-score,support
better,1.0,0.8333333333333334,0.9090909090909091,6.0
irrelevant,0.36363636363636365,0.8,0.5,5.0
none,1.0,0.5,0.6666666666666666,2.0
same,0.0,0.0,0.0,2.0
worse,0.8,0.4444444444444444,0.5714285714285714,9.0
accuracy,0.5833333333333334,0.5833333333333334,0.5833333333333334,0.5833333333333334
macro avg,0.6327272727272728,0.5155555555555555,0.5294372294372295,24.0
weighted avg,0.7090909090909091,0.5833333333333334,0.6012806637806637,24.0
