,precision,recall,f1-score,support
better,0.16666666666666666,0.3333333333333333,0.2222222222222222,3.0
same,0.0,0.0,0.0,3.0
worse,0.5,0.3333333333333333,0.4,6.0
accuracy,0.25,0.25,0.25,0.25
macro avg,0.2222222222222222,0.2222222222222222,0.2074074074074074,12.0
weighted avg,0.2916666666666667,0.25,0.2555555555555556,12.0
