,precision,recall,f1-score,support
business,1.0,0.5,0.6666666666666666,12.0
government,0.9722222222222222,0.875,0.9210526315789473,40.0
industry,0.75,0.6,0.6666666666666666,5.0
macro,0.9302325581395349,0.975609756097561,0.9523809523809523,82.0
personal,0.2222222222222222,1.0,0.36363636363636365,2.0
accuracy,0.8936170212765957,0.8936170212765957,0.8936170212765957,0.8936170212765957
macro avg,0.7749354005167959,0.7901219512195122,0.7140806561859192,141.0
weighted avg,0.9316482489416681,0.8936170212765957,0.900694676730511,141.0
