,precision,recall,f1-score,support
business,1.0,0.75,0.8571428571428571,12.0
government,0.9705882352941176,0.825,0.8918918918918919,40.0
industry,1.0,0.8,0.8888888888888888,5.0
macro,0.9195402298850575,0.975609756097561,0.9467455621301775,82.0
other,0.0,0.0,0.0,0.0
personal,0.2,0.5,0.2857142857142857,2.0
accuracy,0.900709219858156,0.900709219858156,0.900709219858156,0.900709219858156
macro avg,0.6816880775298625,0.6417682926829268,0.6450639142946835,141.0
weighted avg,0.933516512498861,0.900709219858156,0.9121304898718974,141.0
