,precision,recall,f1-score,support
business,1.0,0.7857142857142857,0.88,14.0
government,0.975,0.9285714285714286,0.951219512195122,42.0
industry,1.0,0.8,0.888888888888889,5.0
macro,0.948051948051948,0.9864864864864865,0.9668874172185431,74.0
personal,0.4,1.0,0.5714285714285715,2.0
accuracy,0.9416058394160584,0.9416058394160584,0.9416058394160584,0.9416058394160584
macro avg,0.8646103896103897,0.90015444015444,0.851684877946225,137.0
weighted avg,0.9555171106265997,0.9416058394160584,0.9445853282749554,137.0
