,precision,recall,f1-score,support
better,0.2,0.3333333333333333,0.25,3.0
same,0.0,0.0,0.0,3.0
worse,0.42857142857142855,0.5,0.4615384615384615,6.0
accuracy,0.3333333333333333,0.3333333333333333,0.3333333333333333,0.3333333333333333
macro avg,0.20952380952380953,0.27777777777777773,0.23717948717948714,12.0
weighted avg,0.2642857142857143,0.3333333333333333,0.2932692307692308,12.0
