,precision,recall,f1-score,support
better,0.0,0.0,0.0,3.0
same,0.25,0.3333333333333333,0.2857142857142857,3.0
worse,0.2857142857142857,0.2857142857142857,0.2857142857142857,7.0
accuracy,0.23076923076923078,0.23076923076923078,0.23076923076923078,0.23076923076923078
macro avg,0.17857142857142858,0.20634920634920637,0.19047619047619047,13.0
weighted avg,0.21153846153846154,0.23076923076923078,0.21978021978021978,13.0
