,precision,recall,f1-score,support
better,0.0,0.0,0.0,2.0
irrelevant,0.0,0.0,0.0,8.0
none,0.0,0.0,0.0,0.0
same,0.16666666666666666,0.3333333333333333,0.2222222222222222,3.0
worse,0.2857142857142857,0.2857142857142857,0.2857142857142857,7.0
accuracy,0.15,0.15,0.15,0.15
macro avg,0.09047619047619046,0.12380952380952381,0.10158730158730159,20.0
weighted avg,0.125,0.15,0.13333333333333333,20.0
