,precision,recall,f1-score,support
good,0.3333333333333333,0.5,0.4,2.0
none,0.75,1.0,0.8571428571428571,3.0
poor,1.0,0.8,0.888888888888889,10.0
accuracy,0.8,0.8,0.8,0.8
macro avg,0.6944444444444443,0.7666666666666666,0.7153439153439153,15.0
weighted avg,0.861111111111111,0.8,0.8173544973544973,15.0
