,precision,recall,f1-score,support
,0.0,0.0,0.0,11.0
better,0.0,0.0,0.0,4.0
none,0.11538461538461539,1.0,0.20689655172413793,3.0
same,0.0,0.0,0.0,2.0
worse,0.0,0.0,0.0,6.0
accuracy,0.11538461538461539,0.11538461538461539,0.11538461538461539,0.11538461538461539
macro avg,0.023076923076923078,0.2,0.041379310344827586,26.0
weighted avg,0.013313609467455622,0.11538461538461539,0.02387267904509284,26.0
