,precision,recall,f1-score,support
good,0.3333333333333333,0.5,0.4,2.0
none,0.6666666666666666,0.6666666666666666,0.6666666666666666,3.0
poor,0.8888888888888888,0.8,0.8421052631578948,10.0
accuracy,0.7333333333333333,0.7333333333333333,0.7333333333333333,0.7333333333333333
macro avg,0.6296296296296297,0.6555555555555556,0.6362573099415205,15.0
weighted avg,0.7703703703703704,0.7333333333333333,0.7480701754385967,15.0
