,precision,recall,f1-score,support
better,0.3076923076923077,1.0,0.47058823529411764,4.0
none,0.0,0.0,0.0,3.0
same,0.0,0.0,0.0,2.0
worse,0.5,0.16666666666666666,0.25,6.0
accuracy,0.3333333333333333,0.3333333333333333,0.3333333333333333,0.3333333333333333
macro avg,0.20192307692307693,0.2916666666666667,0.1801470588235294,15.0
weighted avg,0.28205128205128205,0.3333333333333333,0.22549019607843138,15.0
