,precision,recall,f1-score,support
government,0.35294117647058826,1.0,0.5217391304347826,6.0
industry,0.0,0.0,0.0,0.0
macro,1.0,0.2,0.33333333333333337,15.0
other,0.0,0.0,0.0,1.0
accuracy,0.4090909090909091,0.4090909090909091,0.4090909090909091,0.4090909090909091
macro avg,0.3382352941176471,0.3,0.213768115942029,22.0
weighted avg,0.7780748663101604,0.4090909090909091,0.3695652173913043,22.0
