,precision,recall,f1-score,support
,0.0,0.0,0.0,4.0
government,0.0,0.0,0.0,6.0
macro,0.0,0.0,0.0,15.0
other,0.038461538461538464,1.0,0.07407407407407407,1.0
accuracy,0.038461538461538464,0.038461538461538464,0.038461538461538464,0.038461538461538464
macro avg,0.009615384615384616,0.25,0.018518518518518517,26.0
weighted avg,0.0014792899408284025,0.038461538461538464,0.0028490028490028487,26.0
