,precision,recall,f1-score,support
business,0.0,0.0,0.0,18.0
government,0.0,0.0,0.0,22.0
industry,0.1111111111111111,1.0,0.19999999999999998,2.0
macro,0.6304347826086957,0.9508196721311475,0.758169934640523,61.0
other,0.0,0.0,0.0,1.0
personal,0.0,0.0,0.0,6.0
accuracy,0.5454545454545454,0.5454545454545454,0.5454545454545454,0.5454545454545454
macro avg,0.12359098228663445,0.3251366120218579,0.1596949891067538,110.0
weighted avg,0.35162494510320597,0.5454545454545454,0.42407605466429,110.0
