,precision,recall,f1-score,support
good,1.0,0.8333333333333334,0.9090909090909091,6.0
poor,0.8333333333333334,1.0,0.9090909090909091,5.0
accuracy,0.9090909090909091,0.9090909090909091,0.9090909090909091,0.9090909090909091
macro avg,0.9166666666666667,0.9166666666666667,0.9090909090909091,11.0
weighted avg,0.9242424242424243,0.9090909090909091,0.9090909090909091,11.0
