,precision,recall,f1-score,support
good,1.0,1.0,1.0,1.0
none,0.0,0.0,0.0,2.0
poor,0.8,1.0,0.888888888888889,8.0
accuracy,0.8181818181818182,0.8181818181818182,0.8181818181818182,0.8181818181818182
macro avg,0.6,0.6666666666666666,0.6296296296296297,11.0
weighted avg,0.6727272727272727,0.8181818181818182,0.7373737373737373,11.0
