,precision,recall,f1-score,support
business,1.0,1.0,1.0,8.0
government,1.0,0.7924528301886793,0.8842105263157894,53.0
industry,0.0,0.0,0.0,0.0
macro,0.8936170212765957,1.0,0.9438202247191011,42.0
other,0.0,0.0,0.0,0.0
personal,0.4,1.0,0.5714285714285714,2.0
accuracy,0.8952380952380953,0.8952380952380953,0.8952380952380953,0.8952380952380953
macro avg,0.5489361702127659,0.6320754716981133,0.5665765537439104,105.0
weighted avg,0.9460182370820669,0.8952380952380953,0.9109187092932973,105.0
