,precision,recall,f1-score,support
business,1.0,1.0,1.0,8.0
government,1.0,0.7924528301886793,0.8842105263157894,53.0
macro,0.8936170212765957,1.0,0.9438202247191011,42.0
other,0.0,0.0,0.0,0.0
personal,0.3333333333333333,1.0,0.5,2.0
accuracy,0.8952380952380953,0.8952380952380953,0.8952380952380953,0.8952380952380953
macro avg,0.6453900709219857,0.7584905660377359,0.6656061502069781,105.0
weighted avg,0.9447483958122257,0.8952380952380953,0.9095581650756103,105.0
