,precision,recall,f1-score,support
business,1.0,1.0,1.0,8.0
government,1.0,0.8490566037735849,0.9183673469387755,53.0
macro,0.9333333333333333,1.0,0.9655172413793104,42.0
other,0.0,0.0,0.0,0.0
personal,0.3333333333333333,1.0,0.5,2.0
accuracy,0.9238095238095239,0.9238095238095239,0.9238095238095239,0.9238095238095239
macro avg,0.6533333333333334,0.769811320754717,0.6767769176636171,105.0
weighted avg,0.9606349206349207,0.9238095238095239,0.9354780335779632,105.0
