,precision,recall,f1-score,support
better,0.7142857142857143,0.8333333333333334,0.7692307692307693,6.0
irrelevant,0.8888888888888888,0.8888888888888888,0.8888888888888888,9.0
none,0.0,0.0,0.0,1.0
same,0.0,0.0,0.0,0.0
worse,0.5,0.3333333333333333,0.4,3.0
accuracy,0.7368421052631579,0.7368421052631579,0.7368421052631579,0.7368421052631579
macro avg,0.42063492063492064,0.41111111111111115,0.41162393162393157,19.0
weighted avg,0.7255639097744361,0.7368421052631579,0.7271255060728745,19.0
