,precision,recall,f1-score,support
better,0.4,0.3333333333333333,0.36363636363636365,6.0
irrelevant,0.0,0.0,0.0,9.0
none,0.0,0.0,0.0,1.0
same,0.0,0.0,0.0,0.0
worse,0.3333333333333333,0.6666666666666666,0.4444444444444444,3.0
accuracy,0.21052631578947367,0.21052631578947367,0.21052631578947367,0.21052631578947367
macro avg,0.14666666666666667,0.2,0.1616161616161616,19.0
weighted avg,0.17894736842105266,0.21052631578947367,0.18500797448165868,19.0
