,precision,recall,f1-score,support
business,1.0,0.9090909090909091,0.9523809523809523,11.0
government,0.9444444444444444,0.8947368421052632,0.918918918918919,19.0
industry,1.0,0.6,0.75,5.0
macro,0.8939393939393939,1.0,0.944,59.0
personal,1.0,0.4,0.5714285714285714,5.0
accuracy,0.9191919191919192,0.9191919191919192,0.9191919191919192,0.9191919191919192
macro avg,0.9676767676767678,0.7607655502392344,0.8273456885456886,99.0
weighted avg,0.9261299867360473,0.9191919191919192,0.9115029575029575,99.0
