,precision,recall,f1-score,support
business,1.0,0.9285714285714286,0.962962962962963,14.0
government,0.85,0.9444444444444444,0.8947368421052632,18.0
industry,0.75,0.3333333333333333,0.46153846153846156,9.0
macro,0.8695652173913043,0.9523809523809523,0.909090909090909,63.0
personal,1.0,0.5,0.6666666666666666,4.0
accuracy,0.8796296296296297,0.8796296296296297,0.8796296296296297,0.8796296296296297
macro avg,0.8939130434782608,0.7317460317460318,0.7789991684728526,108.0
weighted avg,0.8780797101449275,0.8796296296296297,0.8674072660427437,108.0
