,precision,recall,f1-score,support
business,0.9,0.9,0.9,10.0
government,0.8461538461538461,0.7857142857142857,0.8148148148148148,14.0
industry,1.0,0.25,0.4,4.0
macro,0.9494949494949495,0.9791666666666666,0.9641025641025641,96.0
other,0.5,0.5,0.5,2.0
personal,0.5,0.6666666666666666,0.5714285714285714,3.0
accuracy,0.9147286821705426,0.9147286821705426,0.9147286821705426,0.9147286821705426
macro avg,0.7826081326081326,0.6802579365079365,0.6917243250576584,129.0
weighted avg,0.918586581377279,0.9147286821705426,0.9091127075623199,129.0
