,precision,recall,f1-score,support
energy,1.0,0.6666666666666666,0.8,9.0
housing,1.0,1.0,1.0,3.0
interest,1.0,1.0,1.0,4.0
jobs,1.0,1.0,1.0,13.0
macro,1.0,1.0,1.0,4.0
market,0.6666666666666666,1.0,0.8,2.0
none,0.9692307692307692,1.0,0.984375,63.0
other,1.0,1.0,1.0,1.0
prices,1.0,1.0,1.0,1.0
accuracy,0.97,0.97,0.97,0.97
macro avg,0.9595441595441595,0.9629629629629629,0.9538194444444444,100.0
weighted avg,0.9739487179487178,0.97,0.9681562499999999,100.0
