,precision,recall,f1-score,support
good,0.6666666666666666,0.125,0.21052631578947367,16.0
none,0.0,0.0,0.0,9.0
poor,0.6349206349206349,0.975609756097561,0.7692307692307692,41.0
accuracy,0.6363636363636364,0.6363636363636364,0.6363636363636364,0.6363636363636364
macro avg,0.4338624338624338,0.366869918699187,0.3265856950067476,66.0
weighted avg,0.556036556036556,0.6363636363636364,0.5288921604711078,66.0
