,precision,recall,f1-score,support
government,0.75,1.0,0.8571428571428571,3.0
industry,0.0,0.0,0.0,0.0
macro,0.9285714285714286,0.8666666666666667,0.896551724137931,15.0
other,0.0,0.0,0.0,1.0
accuracy,0.8421052631578947,0.8421052631578947,0.8421052631578947,0.8421052631578947
macro avg,0.41964285714285715,0.4666666666666667,0.43842364532019706,19.0
weighted avg,0.8515037593984963,0.8421052631578947,0.8431423386051335,19.0
