,precision,recall,f1-score,support
business,1.0,1.0,1.0,10.0
government,0.6666666666666666,0.5714285714285714,0.6153846153846154,14.0
industry,1.0,0.25,0.4,4.0
macro,0.92,0.9583333333333334,0.9387755102040817,96.0
other,0.0,0.0,0.0,2.0
personal,0.2,0.3333333333333333,0.25,3.0
accuracy,0.8682170542635659,0.8682170542635659,0.8682170542635659,0.8682170542635659
macro avg,0.6311111111111111,0.5188492063492064,0.5340266875981162,129.0
weighted avg,0.8701808785529715,0.8682170542635659,0.8611459968602826,129.0
