,precision,recall,f1-score,support
better,1.0,0.5,0.6666666666666666,2.0
irrelevant,0.8888888888888888,0.6666666666666666,0.7619047619047619,12.0
none,1.0,0.5,0.6666666666666666,2.0
same,0.0,0.0,0.0,1.0
worse,0.42857142857142855,0.6,0.5,5.0
accuracy,0.5909090909090909,0.5909090909090909,0.5909090909090909,0.5909090909090909
macro avg,0.6634920634920635,0.4533333333333333,0.519047619047619,22.0
weighted avg,0.7640692640692641,0.5909090909090909,0.6504329004329005,22.0
