,precision,recall,f1-score,support
better,0.0,0.0,0.0,3.0
same,0.4,0.6666666666666666,0.5,3.0
worse,0.42857142857142855,0.5,0.4615384615384615,6.0
accuracy,0.4166666666666667,0.4166666666666667,0.4166666666666667,0.4166666666666667
macro avg,0.27619047619047615,0.38888888888888884,0.3205128205128205,12.0
weighted avg,0.3142857142857143,0.4166666666666667,0.3557692307692308,12.0
