,precision,recall,f1-score,support
good,0.7272727272727273,0.5,0.5925925925925926,16.0
none,0.6666666666666666,0.4444444444444444,0.5333333333333333,9.0
poor,0.7551020408163265,0.9024390243902439,0.8222222222222222,41.0
accuracy,0.7424242424242424,0.7424242424242424,0.7424242424242424,0.7424242424242424
macro avg,0.7163471449185735,0.6156278229448962,0.6493827160493827,66.0
weighted avg,0.7362961713611064,0.7424242424242424,0.7271604938271604,66.0
