,precision,recall,f1-score,support
business,0.0,0.0,0.0,2.0
government,0.6,0.5555555555555556,0.576923076923077,27.0
industry,0.2,0.2,0.20000000000000004,5.0
macro,0.7792207792207793,0.821917808219178,0.7999999999999999,73.0
other,0.0,0.0,0.0,4.0
accuracy,0.6846846846846847,0.6846846846846847,0.6846846846846847,0.6846846846846847
macro avg,0.31584415584415587,0.3154946727549467,0.31538461538461543,111.0
weighted avg,0.6674154674154674,0.6846846846846847,0.6754677754677754,111.0
