,precision,recall,f1-score,support
business,0.9787234042553191,0.8363636363636363,0.9019607843137255,55.0
government,0.951048951048951,0.9066666666666666,0.9283276450511946,150.0
industry,0.6923076923076923,0.391304347826087,0.5,23.0
macro,0.9375,0.989010989010989,0.9625668449197861,364.0
other,0.0,0.0,0.0,2.0
personal,0.5714285714285714,0.6666666666666666,0.6153846153846154,18.0
accuracy,0.9199346405228758,0.9199346405228758,0.9199346405228758,0.9199346405228758
macro avg,0.6885014365067557,0.6316687177556742,0.6513733149448869,612.0
weighted avg,0.9214802632355825,0.9199346405228758,0.9179873276514042,612.0
