,precision,recall,f1-score,support
business,1.0,0.8,0.8888888888888888,55.0
government,0.9621212121212122,0.8466666666666667,0.900709219858156,150.0
industry,0.6428571428571429,0.391304347826087,0.4864864864864865,23.0
macro,0.9226804123711341,0.9835164835164835,0.9521276595744681,364.0
other,0.0,0.0,0.0,2.0
personal,0.48148148148148145,0.7222222222222222,0.5777777777777777,18.0
accuracy,0.9003267973856209,0.9003267973856209,0.9003267973856209,0.9003267973856209
macro avg,0.6681900414718286,0.6239516200385766,0.6343316720976295,612.0
weighted avg,0.9127879622118555,0.9003267973856209,0.9022204724540978,612.0
