,precision,recall,f1-score,support
business,1.0,0.8,0.8888888888888888,55.0
government,0.9555555555555556,0.86,0.9052631578947369,150.0
industry,0.7857142857142857,0.4782608695652174,0.5945945945945946,23.0
macro,0.9226804123711341,0.9835164835164835,0.9521276595744681,364.0
other,0.0,0.0,0.0,2.0
personal,0.46153846153846156,0.6666666666666666,0.5454545454545454,18.0
accuracy,0.9052287581699346,0.9052287581699346,0.9052287581699346,0.9052287581699346
macro avg,0.6875814525299062,0.6314073366247279,0.6477214744012058,612.0
weighted avg,0.9159609874437041,0.9052287581699346,0.9064488368497767,612.0
