,precision,recall,f1-score,support
business,0.9777777777777777,0.8,0.88,55.0
government,0.9548872180451128,0.8466666666666667,0.8975265017667845,150.0
industry,0.7142857142857143,0.43478260869565216,0.5405405405405406,23.0
macro,0.9226804123711341,0.9835164835164835,0.9521276595744681,364.0
other,0.0,0.0,0.0,2.0
personal,0.4444444444444444,0.6666666666666666,0.5333333333333333,18.0
accuracy,0.9003267973856209,0.9003267973856209,0.9003267973856209,0.9003267973856209
macro avg,0.6690125944873638,0.6219387375909115,0.633921339202521,612.0
weighted avg,0.9106129117911909,0.9003267973856209,0.9013658101022166,612.0
