,precision,recall,f1-score,support
better,1.0,0.5,0.6666666666666666,2.0
irrelevant,0.8,0.6666666666666666,0.7272727272727273,12.0
none,0.0,0.0,0.0,2.0
same,0.0,0.0,0.0,1.0
worse,0.5,0.8,0.6153846153846154,5.0
accuracy,0.5909090909090909,0.5909090909090909,0.5909090909090909,0.5909090909090909
macro avg,0.45999999999999996,0.3933333333333333,0.4018648018648019,22.0
weighted avg,0.640909090909091,0.5909090909090909,0.5971604153422335,22.0
