,precision,recall,f1-score,support
business,0.9411764705882353,0.8888888888888888,0.9142857142857143,18.0
government,0.8148148148148148,1.0,0.8979591836734693,22.0
industry,0.0,0.0,0.0,2.0
macro,0.9682539682539683,1.0,0.9838709677419354,61.0
other,0.0,0.0,0.0,1.0
personal,1.0,0.5,0.6666666666666666,6.0
accuracy,0.9272727272727272,0.9272727272727272,0.9272727272727272,0.9272727272727272
macro avg,0.6207075422761698,0.5648148148148148,0.5771304220612976,110.0
weighted avg,0.9084599496364202,0.9272727272727272,0.9111670357292475,110.0
