,precision,recall,f1-score,support
business,1.0,0.7142857142857143,0.8333333333333334,14.0
government,0.8148148148148148,0.9166666666666666,0.8627450980392157,24.0
industry,0.5,0.1111111111111111,0.18181818181818182,9.0
macro,0.8854166666666666,1.0,0.9392265193370166,85.0
personal,1.0,0.5,0.6666666666666666,6.0
accuracy,0.8768115942028986,0.8768115942028986,0.8768115942028986,0.8768115942028986
macro avg,0.8400462962962962,0.6484126984126984,0.6967579598388828,138.0
weighted avg,0.8646084943639291,0.8768115942028986,0.853935991301579,138.0
