,all,ValSpin>>ValEconRate,ValSpin>>ValEconChange
frame,0.3153846153846154,0.3153846153846154,0.3153846153846154
econ_rate,0.4850982878883957,0.4850982878883957,0.641351088916632
econ_change,0.3077423552374756,0.3739898989898989,0.3070175438596491
type,0.7017892077996377,0.7017892077996377,0.7017892077996377
spin,0.7754737481052039,0.7754737481052039,0.7754737481052039
