,precision,recall,f1-score,support
business,1.0,0.8909090909090909,0.9423076923076923,55.0
government,0.910828025477707,0.9533333333333334,0.9315960912052117,150.0
industry,0.8,0.34782608695652173,0.48484848484848486,23.0
macro,0.9421052631578948,0.9835164835164835,0.9623655913978495,364.0
other,0.0,0.0,0.0,2.0
personal,0.625,0.5555555555555556,0.5882352941176471,18.0
accuracy,0.9281045751633987,0.9281045751633987,0.9281045751633987,0.9281045751633987
macro avg,0.712988881439267,0.6218567583784975,0.651558858979481,612.0
weighted avg,0.921896273874395,0.9281045751633987,0.9209267360656125,612.0
