,precision,recall,f1-score,support
business,0.8421052631578947,0.8888888888888888,0.8648648648648649,18.0
government,0.8571428571428571,0.8181818181818182,0.8372093023255814,22.0
industry,0.2,0.5,0.28571428571428575,2.0
macro,0.9365079365079365,0.9672131147540983,0.9516129032258064,61.0
other,0.0,0.0,0.0,1.0
personal,1.0,0.3333333333333333,0.5,6.0
accuracy,0.8727272727272727,0.8727272727272727,0.8727272727272727,0.8727272727272727
macro avg,0.6392926761347814,0.5846028591930231,0.5732335593550898,110.0
weighted avg,0.88674565200881,0.8727272727272727,0.8691453444266647,110.0
