,precision,recall,f1-score,support
business,1.0,0.42857142857142855,0.6,14.0
government,0.8695652173913043,0.8333333333333334,0.851063829787234,24.0
industry,0.25,0.1111111111111111,0.15384615384615385,9.0
macro,0.8585858585858586,1.0,0.9239130434782609,85.0
personal,0.8333333333333334,0.8333333333333334,0.8333333333333334,6.0
accuracy,0.8478260869565217,0.8478260869565217,0.8478260869565217,0.8478260869565217
macro avg,0.7622968818620992,0.6412698412698413,0.6724312720889964,138.0
weighted avg,0.8340533565013717,0.8478260869565217,0.8242228695301534,138.0
