,precision,recall,f1-score,support
business,1.0,0.9090909090909091,0.9523809523809523,11.0
government,0.9333333333333333,0.7368421052631579,0.8235294117647058,19.0
industry,1.0,0.6,0.75,5.0
macro,0.8939393939393939,1.0,0.944,59.0
personal,0.4,0.4,0.4,5.0
accuracy,0.8888888888888888,0.8888888888888888,0.8888888888888888,0.8888888888888888
macro avg,0.8454545454545455,0.7291866028708134,0.7739820728291316,99.0
weighted avg,0.8936945209672482,0.8888888888888888,0.8845378717143423,99.0
