,precision,recall,f1-score,support
good,0.5714285714285714,1.0,0.7272727272727273,4.0
irrelevant,0.6,0.75,0.6666666666666666,4.0
none,1.0,0.5,0.6666666666666666,2.0
poor,0.75,0.42857142857142855,0.5454545454545454,7.0
accuracy,0.6470588235294118,0.6470588235294118,0.6470588235294118,0.6470588235294118
macro avg,0.7303571428571428,0.6696428571428571,0.6515151515151515,17.0
weighted avg,0.7021008403361344,0.6470588235294118,0.6310160427807486,17.0
