,precision,recall,f1-score,support
government,0.6666666666666666,0.8,0.7272727272727273,5.0
industry,0.0,0.0,0.0,2.0
macro,0.8823529411764706,1.0,0.9375,15.0
other,0.0,0.0,0.0,1.0
accuracy,0.8260869565217391,0.8260869565217391,0.8260869565217391,0.8260869565217391
macro avg,0.38725490196078427,0.45,0.4161931818181818,23.0
weighted avg,0.7203751065643648,0.8260869565217391,0.7695158102766798,23.0
