,precision,recall,f1-score,support
better,0.7894736842105263,0.6818181818181818,0.7317073170731707,22.0
irrelevant,0.7878787878787878,0.6842105263157895,0.7323943661971831,38.0
none,0.75,0.42857142857142855,0.5454545454545454,7.0
same,0.0,0.0,0.0,8.0
worse,0.5294117647058824,0.6923076923076923,0.6,26.0
accuracy,0.6138613861386139,0.6138613861386139,0.6138613861386139,0.6138613861386139
macro avg,0.5713528473590392,0.4973815658026185,0.5219112457449799,101.0
weighted avg,0.6566586225185985,0.6138613861386139,0.6271953337552925,101.0
