,precision,recall,f1-score,support
better,0.7368421052631579,0.6086956521739131,0.6666666666666666,23.0
none,0.6666666666666666,0.5714285714285714,0.6153846153846154,7.0
same,0.08333333333333333,0.125,0.1,8.0
worse,0.5555555555555556,0.5769230769230769,0.5660377358490566,26.0
accuracy,0.53125,0.53125,0.53125,0.53125
macro avg,0.5105994152046783,0.47051182513139034,0.4870222544750846,64.0
weighted avg,0.5738304093567251,0.53125,0.5493438558297049,64.0
