,precision,recall,f1-score,support
better,0.5,0.6363636363636364,0.56,22.0
irrelevant,0.0,0.0,0.0,38.0
none,0.16666666666666666,0.5714285714285714,0.25806451612903225,7.0
same,0.05,0.125,0.07142857142857142,8.0
worse,0.5172413793103449,0.5769230769230769,0.5454545454545454,26.0
accuracy,0.33663366336633666,0.33663366336633666,0.33663366336633666,0.33663366336633666
macro avg,0.24678160919540232,0.38194305694305697,0.2869895266024298,101.0
weighted avg,0.25757368840332306,0.33663366336633666,0.28593760758564335,101.0
