,precision,recall,f1-score,support
better,0.8235294117647058,0.6363636363636364,0.717948717948718,22.0
irrelevant,0.7435897435897436,0.7631578947368421,0.7532467532467533,38.0
none,0.75,0.42857142857142855,0.5454545454545454,7.0
same,0.0,0.0,0.0,8.0
worse,0.5161290322580645,0.6153846153846154,0.5614035087719298,26.0
accuracy,0.6138613861386139,0.6138613861386139,0.6138613861386139,0.6138613861386139
macro avg,0.5666496375225027,0.4886955150113045,0.5156107050843893,101.0
weighted avg,0.6439941797420144,0.6138613861386139,0.6221081333118853,101.0
