,precision,recall,f1-score,support
business,1.0,0.6666666666666666,0.8,12.0
government,0.972972972972973,0.9,0.935064935064935,40.0
industry,0.6666666666666666,0.8,0.7272727272727273,5.0
macro,0.9411764705882353,0.975609756097561,0.9580838323353293,82.0
other,0.0,0.0,0.0,0.0
personal,0.25,0.5,0.3333333333333333,2.0
accuracy,0.9148936170212766,0.9148936170212766,0.9148936170212766,0.9148936170212766
macro avg,0.6384693517046459,0.6403794037940379,0.6256258046677209,141.0
weighted avg,0.9356647009963657,0.9148936170212766,0.9210532053696788,141.0
