,precision,recall,f1-score,support
better,0.5833333333333334,1.0,0.7368421052631579,7.0
none,0.2,1.0,0.33333333333333337,1.0
same,0.0,0.0,0.0,3.0
worse,0.0,0.0,0.0,6.0
accuracy,0.47058823529411764,0.47058823529411764,0.47058823529411764,0.47058823529411764
macro avg,0.19583333333333336,0.5,0.2675438596491228,17.0
weighted avg,0.25196078431372554,0.47058823529411764,0.32301341589267285,17.0
