,precision,recall,f1-score,support
better,0.7647058823529411,0.5909090909090909,0.6666666666666666,22.0
irrelevant,0.75,0.7105263157894737,0.7297297297297297,38.0
none,0.75,0.42857142857142855,0.5454545454545454,7.0
same,0.0,0.0,0.0,8.0
worse,0.4827586206896552,0.5384615384615384,0.509090909090909,26.0
accuracy,0.5643564356435643,0.5643564356435643,0.5643564356435643,0.5643564356435643
macro avg,0.5494929006085193,0.4536936747463064,0.49018837018837014,101.0
weighted avg,0.6250025103930271,0.5643564356435643,0.5886231866429886,101.0
