,no_inter_macro,no_inter_weighted
frame,0.4245645645645646,0.7915042315042315
econ_rate,0.6197585612219758,0.6922144522144522
econ_change,0.4598186366479049,0.5210511033681766
type,0.1181434599156118,0.4216099942086539
spin,0.1465201465201465,0.1238198421297012
macro_type,0.0492649980135081,0.2480755229918785
