,no_inter_macro,no_inter_weighted
frame,0.4425791157994547,0.7779014513991401
econ_rate,0.6841792353987477,0.7122880907867885
econ_change,0.5094189650030472,0.6167031337280069
type,0.6876285883796033,0.9323377376648888
spin,0.8132728846249174,0.8166430858278617
macro_type,0.8526394471605077,0.9255495382288496
