,no_inter_macro,no_inter_weighted
frame,0.4245645645645645,0.7915042315042313
econ_rate,0.6197585612219759,0.6922144522144523
econ_change,0.4598186366479049,0.5210511033681766
type,0.6393510217116539,0.8842648752926108
spin,0.795861875837606,0.8016853439933378
macro_type,0.792827856630677,0.8983760812166547
