,no_inter_macro,no_inter_weighted
frame,0.3575757575757575,0.6953316953316954
econ_rate,0.6714038649522521,0.7329430100691098
econ_change,0.3608058608058608,0.3958905677655677
type,0.6620115818155066,0.9236358199864194
spin,0.7847948832366504,0.7920473966811429
macro_type,0.7574560298161485,0.9058989365492022
