,blank_rules_macro,blank_rules_weighted
frame,0.3153846153846154,0.6754677754677754
econ_rate,0.641351088916632,0.7283540776050139
econ_change,0.3739898989898989,0.3945391414141413
type,0.697948391931574,0.9357073422765492
spin,0.7780529946894994,0.7834740831134631
macro_type,0.7399833076446153,0.9074084001371284
