,no_inter_macro,no_inter_weighted
frame,0.4467241379310344,0.7862068965517242
econ_rate,0.6354010695187166,0.686498104978973
econ_change,0.5039682312504266,0.6096873378087924
type,0.6876285883796033,0.9323377376648888
spin,0.8132728846249174,0.8166430858278617
macro_type,0.8526394471605077,0.9255495382288496
