,no_inter_macro,no_inter_weighted
frame,0.5147644927536231,0.7779224308300394
econ_rate,0.6175295460650013,0.6711572513032343
econ_change,0.4929504275818497,0.5963746858676933
type,0.6876285883796033,0.9323377376648888
spin,0.8115025935921459,0.8146883737802384
macro_type,0.8527436789720566,0.9256765701284104
