,no_inter_macro,no_inter_weighted
frame,0.4245645645645646,0.7915042315042315
econ_rate,0.3415879293928074,0.3680551022251235
econ_change,0.2753703703703704,0.2740740740740741
type,0.6553035802082685,0.9118640412151752
spin,0.795861875837606,0.8016853439933378
macro_type,0.8150097737896553,0.9112903062074404
