,no_inter_macro,no_inter_weighted
frame,0.6149482401656314,0.8422548466026727
econ_rate,0.7332317776854543,0.7837866053071703
econ_change,0.5864292539758378,0.6597723704866562
type,0.4704355787622492,0.6910180674846244
macro_type,0.7287769270022794,0.709118793827334
spin,0.8412968472176313,0.8450499740879833