,no_inter_macro,no_inter_weighted
frame,0.4245645645645646,0.7915042315042315
econ_rate,0.6197585612219758,0.6922144522144522
econ_change,0.4598186366479049,0.5210511033681766
type,0.6531450849877937,0.9114831302939148
spin,0.795861875837606,0.8016853439933378
macro_type,0.8150097737896553,0.9112903062074404
