,precision,recall,f1-score,support
business,0.9743589743589743,0.926829268292683,0.9500000000000001,41.0
government,0.8793103448275862,0.9444444444444444,0.9107142857142858,108.0
industry,1.0,0.1111111111111111,0.19999999999999998,18.0
macro,0.9193548387096774,0.9827586206896551,0.95,290.0
other,0.0,0.0,0.0,2.0
personal,1.0,0.5,0.6666666666666666,16.0
accuracy,0.9157894736842105,0.9157894736842105,0.9157894736842105,0.9157894736842105
macro avg,0.7955040263160397,0.5775239074229823,0.6128968253968254,475.0
weighted avg,0.9168992387703236,0.9157894736842105,0.8991027568922306,475.0
