,precision,recall,f1-score,support
better,0.7222222222222222,0.5909090909090909,0.65,22.0
irrelevant,0.7380952380952381,0.8157894736842105,0.775,38.0
none,1.0,0.42857142857142855,0.6,7.0
same,0.0,0.0,0.0,8.0
worse,0.5185185185185185,0.5384615384615384,0.5283018867924528,26.0
accuracy,0.6039603960396039,0.6039603960396039,0.6039603960396039,0.6039603960396039
macro avg,0.5957671957671958,0.4747463063252537,0.5106603773584906,101.0
weighted avg,0.6378018754256378,0.6039603960396039,0.6107509807584532,101.0
