,precision,recall,f1-score,support
better,0.75,0.5454545454545454,0.631578947368421,22.0
irrelevant,0.7380952380952381,0.8157894736842105,0.775,38.0
none,0.75,0.42857142857142855,0.5454545454545454,7.0
same,0.0,0.0,0.0,8.0
worse,0.48148148148148145,0.5,0.49056603773584906,26.0
accuracy,0.5841584158415841,0.5841584158415841,0.5841584158415841,0.5841584158415841
macro avg,0.5439153439153439,0.4579630895420369,0.4885199061117631,101.0
weighted avg,0.616991461050867,0.5841584158415841,0.5932439172417738,101.0
