,precision,recall,f1-score,support
neg,0.88,0.88,0.88,25.0
neutral,0.7647058823529411,0.6842105263157895,0.7222222222222222,19.0
pos,0.8333333333333334,0.8823529411764706,0.8571428571428571,34.0
accuracy,0.8333333333333334,0.8333333333333334,0.8333333333333334,0.8333333333333334
macro avg,0.8260130718954248,0.8155211558307535,0.8197883597883598,78.0
weighted avg,0.831573655103067,0.8333333333333334,0.8316035816035816,78.0
