,precision,recall,f1-score,support
business,1.0,1.0,1.0,10.0
government,0.7333333333333333,0.7857142857142857,0.7586206896551724,14.0
industry,1.0,0.25,0.4,4.0
macro,0.9387755102040817,0.9583333333333334,0.9484536082474226,96.0
other,0.0,0.0,0.0,2.0
personal,0.5,0.3333333333333333,0.4,3.0
accuracy,0.8914728682170543,0.8914728682170543,0.8914728682170543,0.8914728682170543
macro avg,0.6953514739229026,0.5545634920634921,0.5845123829837658,129.0
weighted avg,0.8983652375678953,0.8914728682170543,0.8873816747823642,129.0
