,precision,recall,f1-score,support
business,0.0,0.0,0.0,0.0
government,0.0,0.0,0.0,5.0
industry,0.0,0.0,0.0,2.0
macro,0.7,1.0,0.8235294117647058,14.0
other,0.0,0.0,0.0,1.0
accuracy,0.6363636363636364,0.6363636363636364,0.6363636363636364,0.6363636363636364
macro avg,0.13999999999999999,0.2,0.16470588235294117,22.0
weighted avg,0.4454545454545454,0.6363636363636364,0.5240641711229946,22.0
