,precision,recall,f1-score,support
business,1.0,0.4166666666666667,0.5882352941176471,12.0
government,1.0,0.85,0.918918918918919,40.0
industry,0.5,0.4,0.4444444444444444,5.0
macro,0.9302325581395349,0.975609756097561,0.9523809523809523,82.0
other,0.0,0.0,0.0,0.0
personal,0.18181818181818182,1.0,0.3076923076923077,2.0
accuracy,0.8723404255319149,0.8723404255319149,0.8723404255319149,0.8723404255319149
macro avg,0.6020084566596194,0.6070460704607046,0.5352786529257118,141.0
weighted avg,0.9300901144048102,0.8723404255319149,0.8847406043901663,141.0
