,precision,recall,f1-score,support
business,0.9285714285714286,0.9285714285714286,0.9285714285714286,14.0
government,0.96,1.0,0.9795918367346939,24.0
industry,0.6666666666666666,0.4444444444444444,0.5333333333333333,9.0
macro,0.9651162790697675,0.9764705882352941,0.9707602339181286,85.0
other,0.0,0.0,0.0,0.0
personal,0.8333333333333334,0.8333333333333334,0.8333333333333334,6.0
accuracy,0.9347826086956522,0.9347826086956522,0.9347826086956522,0.9347826086956522
macro avg,0.7256146179401993,0.6971366324307501,0.7075983609818196,138.0
weighted avg,0.935325244354567,0.9347826086956522,0.9335132171353159,138.0
