,precision,recall,f1-score,support
neg,0.8125,0.8461538461538461,0.8289855072463768,169.0
neutral,0.762962962962963,0.7518248175182481,0.7573529411764706,137.0
pos,0.7478260869565218,0.7166666666666667,0.7319148936170212,120.0
accuracy,0.7793427230046949,0.7793427230046949,0.7793427230046949,0.7793427230046949
macro avg,0.774429683306495,0.7715484434462536,0.7727511140132896,426.0
weighted avg,0.7783510712692688,0.7793427230046949,0.778604908215626,426.0
