,precision,recall,f1-score,support
neg,0.807909604519774,0.8461538461538461,0.8265895953757226,169.0
neutral,0.762962962962963,0.7518248175182481,0.7573529411764706,137.0
pos,0.7456140350877193,0.7083333333333334,0.7264957264957265,120.0
accuracy,0.7769953051643192,0.7769953051643192,0.7769953051643192,0.7769953051643192
macro avg,0.7721622008568186,0.7687706656684758,0.7701460876826399,426.0
weighted avg,0.7759068856814414,0.7769953051643192,0.7761278914064806,426.0
