,precision,recall,f1-score,support
good,0.7222222222222222,0.8125,0.7647058823529411,16.0
irrelevant,0.7380952380952381,0.8157894736842105,0.775,38.0
none,1.0,0.375,0.5454545454545454,8.0
poor,0.75,0.7317073170731707,0.7407407407407407,41.0
accuracy,0.7475728155339806,0.7475728155339806,0.7475728155339806,0.7475728155339806
macro avg,0.8025793650793651,0.6837491976893453,0.7064752921370567,103.0
weighted avg,0.7607104330405302,0.7475728155339806,0.7419349597247941,103.0
