,precision,recall,f1-score,support
business,1.0,1.0,1.0,10.0
government,0.6363636363636364,0.5,0.56,14.0
industry,1.0,0.25,0.4,4.0
macro,0.9019607843137255,0.9583333333333334,0.9292929292929293,96.0
other,0.0,0.0,0.0,2.0
personal,0.2,0.3333333333333333,0.25,3.0
accuracy,0.8604651162790697,0.8604651162790697,0.8604651162790697,0.8604651162790697
macro avg,0.6230540701128936,0.5069444444444445,0.5232154882154881,129.0
weighted avg,0.8534676449861128,0.8604651162790697,0.8480784590086916,129.0
