,precision,recall,f1-score,support
business,0.9,0.9,0.9,10.0
government,0.9166666666666666,0.7857142857142857,0.8461538461538461,14.0
industry,1.0,0.25,0.4,4.0
macro,0.9405940594059405,0.9895833333333334,0.9644670050761421,96.0
other,0.0,0.0,0.0,2.0
personal,0.6,1.0,0.75,3.0
accuracy,0.9224806201550387,0.9224806201550387,0.9224806201550387,0.9224806201550387
macro avg,0.7262101210121011,0.6542162698412698,0.6434368085383314,129.0
weighted avg,0.9141888607465397,0.9224806201550387,0.9091859405694844,129.0
