,precision,recall,f1-score,support
neg,0.9142857142857143,0.8888888888888888,0.9014084507042254,36.0
neutral,0.7333333333333333,0.7333333333333333,0.7333333333333333,30.0
pos,0.7307692307692307,0.76,0.7450980392156863,25.0
accuracy,0.8021978021978022,0.8021978021978022,0.8021978021978022,0.8021978021978022
macro avg,0.7927960927960928,0.7940740740740742,0.7932799410844149,91.0
weighted avg,0.8042144668518295,0.8021978021978022,0.8030566506125744,91.0
