,precision,recall,f1-score,support
business,1.0,0.6428571428571429,0.782608695652174,14.0
government,1.0,0.625,0.7692307692307693,24.0
industry,0.2,0.1111111111111111,0.14285714285714285,9.0
macro,0.8854166666666666,1.0,0.9392265193370166,85.0
other,0.0,0.0,0.0,0.0
personal,0.6,1.0,0.75,6.0
accuracy,0.8405797101449275,0.8405797101449275,0.8405797101449275,0.8405797101449275
macro avg,0.6142361111111111,0.5631613756613757,0.5639871878461838,138.0
weighted avg,0.8598580917874394,0.8405797101449275,0.8336089031161565,138.0
