,precision,recall,f1-score,support
business,0.8,0.8888888888888888,0.8421052631578948,18.0
government,0.8571428571428571,0.8181818181818182,0.8372093023255814,22.0
industry,0.3333333333333333,1.0,0.5,2.0
macro,0.9666666666666667,0.9508196721311475,0.9586776859504132,61.0
other,0.0,0.0,0.0,1.0
personal,1.0,0.5,0.6666666666666666,6.0
accuracy,0.8818181818181818,0.8818181818181818,0.8818181818181818,0.8818181818181818
macro avg,0.6595238095238095,0.6929817298669758,0.634109819683426,110.0
weighted avg,0.899004329004329,0.8818181818181818,0.8823258020998191,110.0
