,precision,recall,f1-score,support
business,1.0,0.6363636363636364,0.7777777777777778,11.0
government,0.9444444444444444,0.8947368421052632,0.918918918918919,19.0
industry,0.0,0.0,0.0,5.0
macro,0.8194444444444444,1.0,0.9007633587786259,59.0
personal,1.0,0.4,0.5714285714285714,5.0
accuracy,0.8585858585858586,0.8585858585858586,0.8585858585858586,0.8585858585858586
macro avg,0.7527777777777778,0.5862200956937799,0.6337777253807788,99.0
weighted avg,0.8312289562289561,0.8585858585858586,0.8284565256575435,99.0
