,precision,recall,f1-score,support
neg,0.8789808917197452,0.8214285714285714,0.8492307692307692,168.0
neutral,0.7857142857142857,0.7971014492753623,0.7913669064748201,138.0
pos,0.7209302325581395,0.775,0.7469879518072289,120.0
accuracy,0.8004694835680751,0.8004694835680751,0.8004694835680751,0.8004694835680751
macro avg,0.7952084699973901,0.7978433402346446,0.795861875837606,426.0
weighted avg,0.8042464533907638,0.8004694835680751,0.8016853439933378,426.0
