,precision,recall,f1-score,support
business,0.9215686274509803,0.8545454545454545,0.8867924528301887,55.0
government,0.92,0.92,0.92,150.0
industry,0.6,0.5217391304347826,0.5581395348837209,23.0
macro,0.9442970822281167,0.978021978021978,0.9608636977058029,364.0
other,0.0,0.0,0.0,2.0
personal,0.6428571428571429,0.5,0.5625000000000001,18.0
accuracy,0.9183006535947712,0.9183006535947712,0.9183006535947712,0.9183006535947712
macro avg,0.67145380875604,0.6290510938337025,0.6480492809032854,612.0
weighted avg,0.9114082369481485,0.9183006535947712,0.9141996408053893,612.0
