,precision,recall,f1-score,support
business,0.9782608695652174,0.8181818181818182,0.8910891089108911,55.0
government,0.9568345323741008,0.8866666666666667,0.9204152249134948,150.0
industry,0.6666666666666666,0.43478260869565216,0.5263157894736842,23.0
macro,0.9300518134715026,0.9862637362637363,0.9573333333333334,364.0
other,0.0,0.0,0.0,2.0
personal,0.5714285714285714,0.6666666666666666,0.6153846153846154,18.0
accuracy,0.9133986928104575,0.9133986928104575,0.9133986928104575,0.9133986928104575
macro avg,0.6838737422510097,0.6320935827457567,0.6517563453360032,612.0
weighted avg,0.9174631297465305,0.9133986928104575,0.9129472292406444,612.0
