,precision,recall,f1-score,support
business,1.0,0.7454545454545455,0.8541666666666666,55.0
government,0.9565217391304348,0.7333333333333333,0.8301886792452831,150.0
industry,0.6666666666666666,0.34782608695652173,0.45714285714285713,23.0
macro,0.9037974683544304,0.9807692307692307,0.9407114624505929,364.0
other,0.0,0.0,0.0,2.0
personal,0.35,0.7777777777777778,0.4827586206896552,18.0
accuracy,0.8660130718954249,0.8660130718954249,0.8660130718954249,0.8660130718954249
macro avg,0.6461643123585886,0.5975268290485681,0.5941613810325092,612.0
weighted avg,0.8972122102678287,0.8660130718954249,0.8711280747911347,612.0
