,precision,recall,f1-score,support
business,1.0,0.7636363636363637,0.865979381443299,55.0
government,0.9572649572649573,0.7466666666666667,0.8389513108614233,150.0
industry,0.6,0.391304347826087,0.47368421052631576,23.0
macro,0.9037974683544304,0.9807692307692307,0.9407114624505929,364.0
other,0.0,0.0,0.0,2.0
personal,0.3783783783783784,0.7777777777777778,0.509090909090909,18.0
accuracy,0.8725490196078431,0.8725490196078431,0.8725490196078431,0.8725490196078431
macro avg,0.6399068006662944,0.6100257311126877,0.6047362123954233,612.0
weighted avg,0.8957235831398154,0.8725490196078431,0.8757335100430593,612.0
