,precision,recall,f1-score,support
government,0.5714285714285714,0.8,0.6666666666666666,5.0
industry,0.0,0.0,0.0,2.0
macro,0.875,0.9333333333333333,0.9032258064516129,15.0
other,0.0,0.0,0.0,1.0
accuracy,0.782608695652174,0.782608695652174,0.782608695652174,0.782608695652174
macro avg,0.36160714285714285,0.43333333333333335,0.3924731182795699,23.0
weighted avg,0.6948757763975155,0.782608695652174,0.7339878447872838,23.0
