,precision,recall,f1-score,support
government,0.5,0.2,0.28571428571428575,5.0
industry,0.0,0.0,0.0,2.0
macro,0.7,1.0,0.8235294117647058,14.0
other,0.0,0.0,0.0,1.0
accuracy,0.6818181818181818,0.6818181818181818,0.6818181818181818,0.6818181818181818
macro avg,0.3,0.3,0.2773109243697479,22.0
weighted avg,0.5590909090909091,0.6818181818181818,0.5889992360580596,22.0
