,precision,recall,f1-score,support
better,0.3333333333333333,0.3333333333333333,0.3333333333333333,3.0
same,0.16666666666666666,0.3333333333333333,0.2222222222222222,3.0
worse,0.6666666666666666,0.3333333333333333,0.4444444444444444,6.0
accuracy,0.3333333333333333,0.3333333333333333,0.3333333333333333,0.3333333333333333
macro avg,0.38888888888888884,0.3333333333333333,0.3333333333333333,12.0
weighted avg,0.4583333333333333,0.3333333333333333,0.3611111111111111,12.0
