,precision,recall,f1-score,support
energy,1.0,0.1111111111111111,0.2,9.0
housing,1.0,1.0,1.0,3.0
interest,1.0,0.75,0.8571428571428571,4.0
jobs,1.0,1.0,1.0,13.0
macro,0.6666666666666666,1.0,0.8,4.0
market,1.0,1.0,1.0,2.0
none,0.875,1.0,0.9333333333333333,63.0
other,0.0,0.0,0.0,1.0
prices,0.0,0.0,0.0,1.0
accuracy,0.89,0.89,0.89,0.89
macro avg,0.7268518518518517,0.6512345679012346,0.6433862433862434,100.0
weighted avg,0.8879166666666666,0.89,0.8522857142857143,100.0
