,precision,recall,f1-score,support
good,0.65,0.8125,0.7222222222222222,16.0
irrelevant,0.7111111111111111,0.8421052631578947,0.7710843373493976,38.0
none,1.0,0.375,0.5454545454545454,8.0
poor,0.7428571428571429,0.6341463414634146,0.6842105263157895,41.0
accuracy,0.7184466019417476,0.7184466019417476,0.7184466019417476,0.7184466019417476
macro avg,0.7759920634920635,0.6659379011553274,0.6807429078354886,103.0
weighted avg,0.7366928648482047,0.7184466019417476,0.711388624440936,103.0
