,precision,recall,f1-score,support
better,0.5,0.5909090909090909,0.5416666666666666,22.0
irrelevant,0.0,0.0,0.0,38.0
none,0.16,0.5714285714285714,0.25,7.0
same,0.045454545454545456,0.125,0.06666666666666667,8.0
worse,0.5,0.5384615384615384,0.5185185185185185,26.0
accuracy,0.31683168316831684,0.31683168316831684,0.31683168316831684,0.31683168316831684
macro avg,0.2410909090909091,0.36515984015984015,0.2753703703703704,101.0
weighted avg,0.2523132313231323,0.31683168316831684,0.2740740740740741,101.0
