,precision,recall,f1-score,support
business,0.9777777777777777,0.8,0.88,55.0
government,0.9251700680272109,0.9066666666666666,0.9158249158249159,150.0
industry,0.75,0.2608695652173913,0.3870967741935484,23.0
macro,0.9086294416243654,0.9835164835164835,0.9445910290237467,364.0
other,0.0,0.0,0.0,2.0
personal,0.5,0.5,0.5,18.0
accuracy,0.9035947712418301,0.9035947712418301,0.9035947712418301,0.9035947712418301
macro avg,0.6769295479048925,0.5751754525667568,0.6045854531737018,612.0
weighted avg,0.8979483737469419,0.9035947712418301,0.8946210747464588,612.0
