,precision,recall,f1-score,support
business,0.9629629629629629,0.9454545454545454,0.9541284403669724,55.0
government,0.8895705521472392,0.9666666666666667,0.9265175718849841,150.0
industry,1.0,0.13043478260869565,0.23076923076923078,23.0
macro,0.9322916666666666,0.9835164835164835,0.9572192513368983,364.0
other,0.0,0.0,0.0,2.0
personal,1.0,0.4444444444444444,0.6153846153846153,18.0
accuracy,0.9248366013071896,0.9248366013071896,0.9248366013071896,0.9248366013071896
macro avg,0.7974708636294782,0.5784194871151392,0.6140031849571168,612.0
weighted avg,0.9260665236139143,0.9248366013071896,0.9089332073107473,612.0
