,precision,recall,f1-score,support
business,1.0,0.8571428571428571,0.923076923076923,7.0
government,0.9166666666666666,0.9649122807017544,0.9401709401709402,57.0
industry,0.0,0.0,0.0,3.0
macro,0.8909090909090909,0.9607843137254902,0.9245283018867925,51.0
personal,1.0,0.5,0.6666666666666666,6.0
accuracy,0.9112903225806451,0.9112903225806451,0.9112903225806451,0.9112903225806451
macro avg,0.7615151515151515,0.6565678903140204,0.6908885663602644,124.0
weighted avg,0.8926319648093842,0.9112903225806451,0.8967921407057134,124.0
