,precision,recall,f1-score,support
business,0.9,0.9,0.9,10.0
government,0.6666666666666666,0.42857142857142855,0.5217391304347826,14.0
industry,1.0,0.25,0.4,4.0
macro,0.8846153846153846,0.9583333333333334,0.92,96.0
other,0.0,0.0,0.0,2.0
personal,0.3333333333333333,0.3333333333333333,0.3333333333333333,3.0
accuracy,0.8449612403100775,0.8449612403100775,0.8449612403100775,0.8449612403100775
macro avg,0.6307692307692307,0.4783730158730159,0.512512077294686,129.0
weighted avg,0.8391969787318624,0.8449612403100775,0.831196494775868,129.0
