,precision,recall,f1-score,support
good,0.42857142857142855,1.0,0.6,3.0
irrelevant,0.0,0.0,0.0,5.0
none,0.16666666666666666,0.3333333333333333,0.2222222222222222,3.0
poor,0.9,0.75,0.8181818181818182,12.0
accuracy,0.5652173913043478,0.5652173913043478,0.5652173913043478,0.5652173913043478
macro avg,0.3738095238095238,0.5208333333333333,0.4101010101010101,23.0
weighted avg,0.5472049689440993,0.5652173913043478,0.5341238471673254,23.0
