,precision,recall,f1-score,support
good,0.6666666666666666,0.6666666666666666,0.6666666666666666,3.0
irrelevant,0.5714285714285714,0.8,0.6666666666666666,5.0
none,0.5,1.0,0.6666666666666666,3.0
poor,1.0,0.5833333333333334,0.7368421052631579,12.0
accuracy,0.6956521739130435,0.6956521739130435,0.6956521739130435,0.6956521739130435
macro avg,0.6845238095238095,0.7625000000000001,0.6842105263157895,23.0
weighted avg,0.7981366459627329,0.6956521739130435,0.7032799389778794,23.0
