,precision,recall,f1-score,support
good,0.5,0.5,0.5,2.0
none,1.0,0.6666666666666666,0.8,3.0
poor,0.8181818181818182,0.9,0.8571428571428572,10.0
accuracy,0.8,0.8,0.8,0.8
macro avg,0.7727272727272728,0.6888888888888888,0.7190476190476192,15.0
weighted avg,0.8121212121212121,0.8,0.7980952380952382,15.0
