,precision,recall,f1-score,support
business,1.0,0.8571428571428571,0.9230769230769231,14.0
government,0.9565217391304348,0.9166666666666666,0.9361702127659575,24.0
industry,0.5,0.2222222222222222,0.3076923076923077,9.0
macro,0.9239130434782609,1.0,0.96045197740113,85.0
other,0.0,0.0,0.0,0.0
personal,0.8333333333333334,0.8333333333333334,0.8333333333333334,6.0
accuracy,0.9130434782608695,0.9130434782608695,0.9130434782608695,0.9130434782608695
macro avg,0.7022946859903381,0.6382275132275133,0.6601207923782753,138.0
weighted avg,0.905718336483932,0.9130434782608695,0.904339209259324,138.0
