,precision,recall,f1-score,support
business,0.96,0.8727272727272727,0.9142857142857143,55.0
government,0.9459459459459459,0.9333333333333333,0.9395973154362416,150.0
industry,0.8461538461538461,0.4782608695652174,0.6111111111111112,23.0
macro,0.9468085106382979,0.978021978021978,0.9621621621621622,364.0
other,0.3333333333333333,0.5,0.4,2.0
personal,0.5909090909090909,0.7222222222222222,0.65,18.0
accuracy,0.9297385620915033,0.9297385620915033,0.9297385620915033,0.9297385620915033
macro avg,0.770525121163419,0.747427612645004,0.7461927171658714,612.0
weighted avg,0.9315273832169952,0.9297385620915033,0.9281174741564265,612.0
