,precision,recall,f1-score,support
better,0.7058823529411765,0.5454545454545454,0.6153846153846154,22.0
irrelevant,0.7142857142857143,0.7894736842105263,0.75,38.0
none,1.0,0.2857142857142857,0.4444444444444444,7.0
same,0.0,0.0,0.0,8.0
worse,0.5185185185185185,0.5384615384615384,0.5283018867924528,26.0
accuracy,0.5742574257425742,0.5742574257425742,0.5742574257425742,0.5742574257425742
macro avg,0.587737317149082,0.4318208107681792,0.46762618932430255,101.0
weighted avg,0.6252846573172723,0.5742574257425742,0.5830239772888755,101.0
