,precision,recall,f1-score,support
business,0.0,0.0,0.0,2.0
government,0.7857142857142857,0.8148148148148148,0.8,27.0
industry,0.6666666666666666,0.4,0.5,5.0
macro,0.8607594936708861,0.9444444444444444,0.9006622516556292,72.0
other,0.0,0.0,0.0,4.0
accuracy,0.8363636363636363,0.8363636363636363,0.8363636363636363,0.8363636363636363
macro avg,0.4626280892103677,0.4318518518518518,0.4401324503311258,110.0
weighted avg,0.7865663871992986,0.8363636363636363,0.8086152919927754,110.0
