,precision,recall,f1-score,support
business,1.0,1.0,1.0,10.0
government,0.6363636363636364,0.5,0.56,14.0
industry,1.0,0.25,0.4,4.0
macro,0.8942307692307693,0.96875,0.93,96.0
other,0.0,0.0,0.0,2.0
personal,0.3333333333333333,0.3333333333333333,0.3333333333333333,3.0
accuracy,0.8682170542635659,0.8682170542635659,0.8682170542635659,0.8682170542635659
macro avg,0.6439879564879565,0.5086805555555556,0.5372222222222223,129.0
weighted avg,0.8508158508158509,0.8682170542635659,0.8505426356589147,129.0
