,precision,recall,f1-score,support
business,1.0,0.5,0.6666666666666666,14.0
government,1.0,0.7083333333333334,0.8292682926829268,24.0
industry,0.6,0.3333333333333333,0.42857142857142855,9.0
macro,0.85,1.0,0.918918918918919,85.0
other,0.0,0.0,0.0,0.0
personal,0.75,1.0,0.8571428571428571,6.0
accuracy,0.855072463768116,0.855072463768116,0.855072463768116,0.855072463768116
macro avg,0.7000000000000001,0.5902777777777778,0.6167613606637997,138.0
weighted avg,0.8706521739130435,0.855072463768116,0.8430715975784905,138.0
