,precision,recall,f1-score,support
business,0.8333333333333334,0.35714285714285715,0.5,14.0
government,0.5454545454545454,0.25,0.34285714285714286,24.0
industry,0.0,0.0,0.0,9.0
macro,0.85,1.0,0.918918918918919,85.0
other,0.0,0.0,0.0,0.0
personal,0.13333333333333333,0.3333333333333333,0.19047619047619047,6.0
accuracy,0.7101449275362319,0.7101449275362319,0.7101449275362319,0.7101449275362319
macro avg,0.3936868686868687,0.32341269841269843,0.32537537537537536,138.0
weighted avg,0.7087505489679402,0.7101449275362319,0.6846343237647585,138.0
