,precision,recall,f1-score,support
government,0.8,0.4444444444444444,0.5714285714285714,9.0
industry,0.0,0.0,0.0,1.0
macro,0.6470588235294118,0.9166666666666666,0.7586206896551724,12.0
accuracy,0.6818181818181818,0.6818181818181818,0.6818181818181818,0.6818181818181818
macro avg,0.48235294117647065,0.4537037037037037,0.44334975369458124,22.0
weighted avg,0.6802139037433155,0.6818181818181818,0.6475593372145095,22.0
