,precision,recall,f1-score,support
energy,0.0,0.0,0.0,9.0
housing,1.0,1.0,1.0,3.0
interest,1.0,0.25,0.4,4.0
jobs,1.0,0.8461538461538461,0.9166666666666666,13.0
macro,0.6666666666666666,1.0,0.8,4.0
market,0.4,1.0,0.5714285714285714,2.0
none,0.8513513513513513,1.0,0.9197080291970803,63.0
other,0.0,0.0,0.0,1.0
prices,0.0,0.0,0.0,1.0
accuracy,0.84,0.84,0.84,0.84
macro avg,0.5464464464464465,0.5662393162393163,0.5119781408102576,100.0
weighted avg,0.771018018018018,0.84,0.7880112964893986,100.0
