,precision,recall,f1-score,support
government,0.75,0.6,0.6666666666666665,5.0
industry,0.0,0.0,0.0,2.0
macro,0.7777777777777778,1.0,0.8750000000000001,14.0
other,0.0,0.0,0.0,1.0
accuracy,0.7727272727272727,0.7727272727272727,0.7727272727272727,0.7727272727272727
macro avg,0.3819444444444444,0.4,0.38541666666666663,22.0
weighted avg,0.6654040404040404,0.7727272727272727,0.7083333333333334,22.0
