,precision,recall,f1-score,support
government,0.625,1.0,0.7692307692307693,5.0
industry,0.0,0.0,0.0,2.0
macro,0.8666666666666667,0.8666666666666667,0.8666666666666667,15.0
other,0.0,0.0,0.0,1.0
accuracy,0.782608695652174,0.782608695652174,0.782608695652174,0.782608695652174
macro avg,0.3729166666666667,0.4666666666666667,0.40897435897435896,23.0
weighted avg,0.7010869565217391,0.782608695652174,0.7324414715719064,23.0
