,precision,recall,f1-score,support
business,1.0,0.7142857142857143,0.8333333333333334,14.0
government,0.9047619047619048,0.7916666666666666,0.8444444444444444,24.0
industry,0.4,0.2222222222222222,0.2857142857142857,9.0
macro,0.8854166666666666,1.0,0.9392265193370166,85.0
other,0.0,0.0,0.0,0.0
personal,0.8,0.6666666666666666,0.7272727272727273,6.0
accuracy,0.8695652173913043,0.8695652173913043,0.8695652173913043,0.8695652173913043
macro avg,0.6650297619047619,0.5658068783068783,0.6049985516836346,138.0
weighted avg,0.8650340752242925,0.8695652173913043,0.8601641479133673,138.0
