,precision,recall,f1-score,support
energy,0.0,0.0,0.0,9.0
interest,1.0,1.0,1.0,4.0
jobs,1.0,1.0,1.0,13.0
macro,1.0,0.8,0.888888888888889,15.0
market,0.2,1.0,0.33333333333333337,2.0
other,1.0,1.0,1.0,2.0
prices,0.5,1.0,0.6666666666666666,4.0
wages,1.0,1.0,1.0,1.0
accuracy,0.76,0.76,0.76,0.76
macro avg,0.7125,0.85,0.7361111111111112,50.0
weighted avg,0.748,0.76,0.7333333333333334,50.0
