,precision,recall,f1-score,support
neg,0.9130434782608695,0.7,0.7924528301886793,30.0
neutral,0.868421052631579,0.8918918918918919,0.88,37.0
pos,0.4375,0.7,0.5384615384615384,10.0
accuracy,0.7922077922077922,0.7922077922077922,0.7922077922077922,0.7922077922077922
macro avg,0.7396548436308161,0.7639639639639638,0.7369714562167392,77.0
weighted avg,0.8298426401973313,0.7922077922077922,0.8015350687048801,77.0
