,precision,recall,f1-score,support
business,0.8888888888888888,0.8888888888888888,0.8888888888888888,18.0
government,0.8,0.9090909090909091,0.8510638297872342,22.0
industry,0.16666666666666666,0.5,0.25,2.0
macro,0.9824561403508771,0.9180327868852459,0.9491525423728813,61.0
other,0.0,0.0,0.0,1.0
personal,1.0,0.6666666666666666,0.8,6.0
accuracy,0.8818181818181818,0.8818181818181818,0.8818181818181818,0.8818181818181818
macro avg,0.6396686159844055,0.6471132085886184,0.623184210174834,110.0
weighted avg,0.9078468899521531,0.8818181818181818,0.8901973576369537,110.0
