,precision,recall,f1-score,support
neg,0.9166666666666666,0.7586206896551724,0.8301886792452831,29.0
neutral,0.8666666666666667,0.8666666666666667,0.8666666666666667,30.0
pos,0.4,0.6,0.48,10.0
accuracy,0.782608695652174,0.782608695652174,0.782608695652174,0.782608695652174
macro avg,0.7277777777777777,0.7417624521072796,0.7256184486373165,69.0
weighted avg,0.8200483091787439,0.782608695652174,0.795296691277003,69.0
