,precision,recall,f1-score,support
neg,0.8333333333333334,0.9259259259259259,0.8771929824561403,27.0
neutral,0.8333333333333334,0.5263157894736842,0.6451612903225806,19.0
pos,0.7906976744186046,0.8717948717948718,0.8292682926829267,39.0
accuracy,0.8117647058823529,0.8117647058823529,0.8117647058823529,0.8117647058823529
macro avg,0.8191214470284237,0.7746788623981606,0.7838741884872159,85.0
weighted avg,0.8137710898312814,0.8117647058823529,0.8033380994950465,85.0
