,precision,recall,f1-score,support
better,1.0,0.8333333333333334,0.9090909090909091,6.0
irrelevant,0.8888888888888888,0.8888888888888888,0.8888888888888888,9.0
none,0.0,0.0,0.0,1.0
worse,0.6,1.0,0.75,3.0
accuracy,0.8421052631578947,0.8421052631578947,0.8421052631578947,0.8421052631578947
macro avg,0.6222222222222222,0.6805555555555556,0.6369949494949495,19.0
weighted avg,0.8315789473684211,0.8421052631578947,0.8265550239234449,19.0
