,precision,recall,f1-score,support
business,1.0,0.6666666666666666,0.8,12.0
government,0.9722222222222222,0.875,0.9210526315789473,40.0
industry,0.6666666666666666,0.8,0.7272727272727273,5.0
macro,0.9411764705882353,0.975609756097561,0.9580838323353293,82.0
other,0.0,0.0,0.0,0.0
personal,0.0,0.0,0.0,2.0
accuracy,0.900709219858156,0.900709219858156,0.900709219858156,0.900709219858156
macro avg,0.596677559912854,0.552879403794038,0.567734865197834,141.0
weighted avg,0.9319056227692022,0.900709219858156,0.9123499514256633,141.0
