,precision,recall,f1-score,support
business,1.0,0.7857142857142857,0.88,14.0
government,0.975,0.9285714285714286,0.951219512195122,42.0
industry,0.8,0.8,0.8000000000000002,5.0
macro,0.9733333333333334,0.9864864864864865,0.9798657718120806,74.0
personal,0.16666666666666666,0.5,0.25,2.0
accuracy,0.9343065693430657,0.9343065693430657,0.9343065693430657,0.9343065693430657
macro avg,0.7830000000000001,0.80015444015444,0.7722170568014406,137.0
weighted avg,0.9584671532846716,0.9343065693430657,0.9436590264692634,137.0
