,precision,recall,f1-score,support
business,1.0,0.3333333333333333,0.5,12.0
government,1.0,0.775,0.8732394366197183,40.0
industry,0.6666666666666666,0.4,0.5,5.0
macro,0.9302325581395349,0.975609756097561,0.9523809523809523,82.0
other,0.0,0.0,0.0,0.0
personal,0.14285714285714285,1.0,0.25,2.0
accuracy,0.8439716312056738,0.8439716312056738,0.8439716312056738,0.8439716312056738
macro avg,0.6232927279438907,0.5806571815718157,0.5126033981667785,141.0
weighted avg,0.9354476410389324,0.8439716312056738,0.8654242238299774,141.0
