,precision,recall,f1-score,support
business,1.0,0.6666666666666666,0.8,12.0
government,0.9722222222222222,0.875,0.9210526315789473,40.0
industry,0.6666666666666666,0.8,0.7272727272727273,5.0
macro,0.9411764705882353,0.975609756097561,0.9580838323353293,82.0
other,0.0,0.0,0.0,0.0
personal,0.25,0.5,0.3333333333333333,2.0
accuracy,0.9078014184397163,0.9078014184397163,0.9078014184397163,0.9078014184397163
macro avg,0.6383442265795206,0.6362127371273713,0.6232904207533896,141.0
weighted avg,0.9354517220599823,0.9078014184397163,0.9170780838133701,141.0
