,precision,recall,f1-score,support
business,1.0,0.6666666666666666,0.8,12.0
government,0.972972972972973,0.9,0.935064935064935,40.0
industry,0.6666666666666666,0.8,0.7272727272727273,5.0
macro,0.9411764705882353,0.975609756097561,0.9580838323353293,82.0
other,0.0,0.0,0.0,0.0
personal,0.0,0.0,0.0,2.0
accuracy,0.9078014184397163,0.9078014184397163,0.9078014184397163,0.9078014184397163
macro avg,0.5968026850379792,0.5570460704607046,0.5700702491121653,141.0
weighted avg,0.9321186017055855,0.9078014184397163,0.9163250729819721,141.0
