,precision,recall,f1-score,support
better,1.0,0.6666666666666666,0.8,6.0
irrelevant,0.8888888888888888,0.8888888888888888,0.8888888888888888,9.0
none,0.0,0.0,0.0,1.0
worse,0.5,1.0,0.6666666666666666,3.0
accuracy,0.7894736842105263,0.7894736842105263,0.7894736842105263,0.7894736842105263
macro avg,0.5972222222222222,0.6388888888888888,0.5888888888888889,19.0
weighted avg,0.8157894736842105,0.7894736842105263,0.7789473684210527,19.0
