,precision,recall,f1-score,support
business,0.0,0.0,0.0,10.0
government,0.0,0.0,0.0,14.0
industry,0.0,0.0,0.0,4.0
macro,0.7380952380952381,0.96875,0.8378378378378378,96.0
other,0.0,0.0,0.0,2.0
personal,0.0,0.0,0.0,3.0
accuracy,0.7209302325581395,0.7209302325581395,0.7209302325581395,0.7209302325581395
macro avg,0.12301587301587302,0.16145833333333334,0.13963963963963963,129.0
weighted avg,0.5492801771871539,0.7209302325581395,0.623507228158391,129.0
