,precision,recall,f1-score,support
business,1.0,0.8,0.8888888888888888,55.0
government,0.9568345323741008,0.8866666666666667,0.9204152249134948,150.0
industry,0.7692307692307693,0.43478260869565216,0.5555555555555556,23.0
macro,0.937007874015748,0.9807692307692307,0.9583892617449664,364.0
other,0.08333333333333333,0.5,0.14285714285714285,2.0
personal,0.6086956521739131,0.7777777777777778,0.6829268292682927,18.0
accuracy,0.9133986928104575,0.9133986928104575,0.9133986928104575,0.9133986928104575
macro avg,0.7258503601879776,0.7299993806515546,0.6915054838713902,612.0
weighted avg,0.9287770295685491,0.9133986928104575,0.9169298021101343,612.0
