,precision,recall,f1-score,support
business,0.9411764705882353,0.8727272727272727,0.9056603773584905,55.0
government,0.9166666666666666,0.9533333333333334,0.934640522875817,150.0
industry,0.6666666666666666,0.34782608695652173,0.4571428571428571,23.0
macro,0.9394736842105263,0.9807692307692307,0.9596774193548387,364.0
other,0.0,0.0,0.0,2.0
personal,0.7692307692307693,0.5555555555555556,0.6451612903225806,18.0
accuracy,0.9248366013071896,0.9248366013071896,0.9248366013071896,0.9248366013071896
macro avg,0.7055357095604774,0.618368579890319,0.6503804111757641,612.0
weighted avg,0.9157068858079603,0.9248366013071896,0.9174136744629786,612.0
