,precision,recall,f1-score,support
better,0.8,0.5454545454545454,0.6486486486486487,22.0
irrelevant,0.7045454545454546,0.8157894736842105,0.7560975609756098,38.0
none,1.0,0.2857142857142857,0.4444444444444444,7.0
same,0.0,0.0,0.0,8.0
worse,0.4838709677419355,0.5769230769230769,0.5263157894736842,26.0
accuracy,0.594059405940594,0.594059405940594,0.594059405940594,0.594059405940594
macro avg,0.5976832844574781,0.44477627635522377,0.4751012887084774,101.0
weighted avg,0.6332017072675009,0.594059405940594,0.5920524675719835,101.0
