,precision,recall,f1-score,support
business,0.9615384615384616,0.9090909090909091,0.9345794392523364,55.0
government,0.9466666666666667,0.9466666666666667,0.9466666666666667,150.0
industry,0.8666666666666667,0.5652173913043478,0.6842105263157895,23.0
macro,0.9596774193548387,0.9807692307692307,0.970108695652174,364.0
other,0.0,0.0,0.0,2.0
personal,0.5909090909090909,0.7222222222222222,0.65,18.0
accuracy,0.9395424836601307,0.9395424836601307,0.9395424836601307,0.9395424836601307
macro avg,0.7209097175226208,0.6873277366755627,0.6975942213144944,612.0
weighted avg,0.939177929737702,0.9395424836601307,0.9378403210482564,612.0
