,precision,recall,f1-score,support
better,0.7647058823529411,0.5909090909090909,0.6666666666666666,22.0
irrelevant,0.725,0.7631578947368421,0.7435897435897436,38.0
none,0.75,0.42857142857142855,0.5454545454545454,7.0
same,0.0,0.0,0.0,8.0
worse,0.4482758620689655,0.5,0.4727272727272727,26.0
accuracy,0.5742574257425742,0.5742574257425742,0.5742574257425742,0.5742574257425742
macro avg,0.5375963488843813,0.45652768284347234,0.48568764568764566,101.0
weighted avg,0.6067198200550278,0.5742574257425742,0.5844769092293844,101.0
