,precision,recall,f1-score,support
good,0.7272727272727273,0.5,0.5925925925925926,16.0
none,0.5714285714285714,0.4444444444444444,0.5,9.0
poor,0.7708333333333334,0.9024390243902439,0.8314606741573034,41.0
accuracy,0.7424242424242424,0.7424242424242424,0.7424242424242424,0.7424242424242424
macro avg,0.6898448773448774,0.6156278229448962,0.641351088916632,66.0
weighted avg,0.7330816279679917,0.7424242424242424,0.7283540776050139,66.0
