,precision,recall,f1-score,support
business,0.9629629629629629,0.9454545454545454,0.9541284403669724,55.0
government,0.9119496855345912,0.9666666666666667,0.9385113268608414,150.0
industry,1.0,0.43478260869565216,0.6060606060606061,23.0
macro,0.9470899470899471,0.9835164835164835,0.9649595687331536,364.0
other,0.0,0.0,0.0,2.0
personal,0.9090909090909091,0.5555555555555556,0.6896551724137931,18.0
accuracy,0.9395424836601307,0.9395424836601307,0.9395424836601307,0.9395424836601307
macro avg,0.7885155841130683,0.6476626433148173,0.6922191857392278,612.0
weighted avg,0.9376794001593608,0.9395424836601307,0.9327650871095093,612.0
