,precision,recall,f1-score,support
business,1.0,0.7857142857142857,0.88,14.0
government,1.0,0.9166666666666666,0.9565217391304348,24.0
industry,0.5,0.2222222222222222,0.3076923076923077,9.0
macro,0.9340659340659341,1.0,0.9659090909090909,85.0
other,0.0,0.0,0.0,0.0
personal,1.0,1.0,1.0,6.0
accuracy,0.9130434782608695,0.9130434782608695,0.9130434782608695,0.9130434782608695
macro avg,0.739010989010989,0.6541005291005291,0.6850205229553056,138.0
weighted avg,0.9267797419971333,0.9130434782608695,0.9141161248958981,138.0
