,precision,recall,f1-score,support
business,0.8888888888888888,0.8888888888888888,0.8888888888888888,18.0
government,0.8333333333333334,0.9090909090909091,0.8695652173913043,22.0
industry,0.5,1.0,0.6666666666666666,2.0
macro,0.9666666666666667,0.9508196721311475,0.9586776859504132,61.0
other,0.0,0.0,0.0,1.0
personal,1.0,0.6666666666666666,0.8,6.0
accuracy,0.9090909090909091,0.9090909090909091,0.9090909090909091,0.9090909090909091
macro avg,0.6981481481481482,0.7359110227962687,0.6972997431495455,110.0
weighted avg,0.911818181818182,0.9090909090909091,0.9067555178083385,110.0
