,precision,recall,f1-score,support
good,0.7058823529411765,0.75,0.7272727272727273,16.0
irrelevant,0.7380952380952381,0.8157894736842105,0.775,38.0
none,1.0,0.375,0.5454545454545454,8.0
poor,0.7317073170731707,0.7317073170731707,0.7317073170731707,41.0
accuracy,0.7378640776699029,0.7378640776699029,0.7378640776699029,0.7378640776699029
macro avg,0.7939212270273963,0.6681241976893453,0.6948586474501108,103.0
weighted avg,0.7508906475211444,0.7378640776699029,0.7325242718446602,103.0
