,precision,recall,f1-score,support
government,0.7142857142857143,1.0,0.8333333333333334,5.0
industry,0.0,0.0,0.0,2.0
macro,0.875,0.9333333333333333,0.9032258064516129,15.0
other,0.0,0.0,0.0,1.0
accuracy,0.8260869565217391,0.8260869565217391,0.8260869565217391,0.8260869565217391
macro avg,0.3973214285714286,0.48333333333333334,0.43413978494623656,23.0
weighted avg,0.7259316770186336,0.8260869565217391,0.7702197288452548,23.0
