,precision,recall,f1-score,support
business,1.0,0.9090909090909091,0.9523809523809523,11.0
government,0.8260869565217391,1.0,0.9047619047619048,19.0
industry,1.0,0.4,0.5714285714285714,5.0
macro,0.9032258064516129,0.9491525423728814,0.9256198347107438,59.0
personal,1.0,0.4,0.5714285714285714,5.0
accuracy,0.898989898989899,0.898989898989899,0.898989898989899,0.898989898989899
macro avg,0.9458625525946704,0.7316486902927581,0.7851239669421488,99.0
weighted avg,0.9089492399450323,0.898989898989899,0.88881335988774,99.0
