,precision,recall,f1-score,support
good,0.3333333333333333,1.0,0.5,1.0
none,0.0,0.0,0.0,2.0
poor,0.7142857142857143,0.625,0.6666666666666666,8.0
accuracy,0.5454545454545454,0.5454545454545454,0.5454545454545454,0.5454545454545454
macro avg,0.34920634920634924,0.5416666666666666,0.38888888888888884,11.0
weighted avg,0.5497835497835498,0.5454545454545454,0.5303030303030303,11.0
