,precision,recall,f1-score,support
better,0.7368421052631579,0.6363636363636364,0.6829268292682927,22.0
irrelevant,0.7317073170731707,0.7894736842105263,0.759493670886076,38.0
none,1.0,0.2857142857142857,0.4444444444444444,7.0
same,0.0,0.0,0.0,8.0
worse,0.48148148148148145,0.5,0.49056603773584906,26.0
accuracy,0.5841584158415841,0.5841584158415841,0.5841584158415841,0.5841584158415841
macro avg,0.5900061807635619,0.44231032125768965,0.47548619646693246,101.0
weighted avg,0.6290487414167176,0.5841584158415841,0.5915938398991735,101.0
