,precision,recall,f1-score,support
government,0.75,0.6,0.6666666666666665,5.0
industry,1.0,0.5,0.6666666666666666,2.0
macro,0.8235294117647058,1.0,0.9032258064516129,14.0
other,0.0,0.0,0.0,1.0
accuracy,0.8181818181818182,0.8181818181818182,0.8181818181818182,0.8181818181818182
macro avg,0.6433823529411764,0.525,0.5591397849462365,22.0
weighted avg,0.7854278074866311,0.8181818181818182,0.7869012707722386,22.0
