,precision,recall,f1-score,support
good,1.0,0.5,0.6666666666666666,2.0
none,0.0,0.0,0.0,2.0
poor,0.75,1.0,0.8571428571428571,9.0
accuracy,0.7692307692307693,0.7692307692307693,0.7692307692307693,0.7692307692307693
macro avg,0.5833333333333334,0.5,0.5079365079365079,13.0
weighted avg,0.6730769230769231,0.7692307692307693,0.6959706959706959,13.0
