,precision,recall,f1-score,support
good,1.0,0.5,0.6666666666666666,2.0
irrelevant,0.0,0.0,0.0,8.0
none,0.0,0.0,0.0,2.0
poor,0.6428571428571429,1.0,0.782608695652174,9.0
accuracy,0.47619047619047616,0.47619047619047616,0.47619047619047616,0.47619047619047616
macro avg,0.4107142857142857,0.375,0.36231884057971014,21.0
weighted avg,0.3707482993197279,0.47619047619047616,0.39889579020013805,21.0
