,precision,recall,f1-score,support
better,0.3333333333333333,0.3333333333333333,0.3333333333333333,3.0
none,0.5,1.0,0.6666666666666666,1.0
same,0.0,0.0,0.0,0.0
worse,0.5,0.3333333333333333,0.4,6.0
accuracy,0.4,0.4,0.4,0.4
macro avg,0.3333333333333333,0.41666666666666663,0.35,10.0
weighted avg,0.45,0.4,0.4066666666666666,10.0
