,precision,recall,f1-score,support
better,0.5,0.5,0.5,2.0
none,1.0,0.5,0.6666666666666666,2.0
same,0.0,0.0,0.0,1.0
worse,0.75,0.6,0.6666666666666666,5.0
accuracy,0.5,0.5,0.5,0.5
macro avg,0.5625,0.4,0.45833333333333326,10.0
weighted avg,0.675,0.5,0.5666666666666667,10.0
