,precision,recall,f1-score,support
government,0.6,1.0,0.75,3.0
industry,0.5,1.0,0.6666666666666666,1.0
macro,0.9411764705882353,0.8421052631578947,0.8888888888888888,19.0
other,0.0,0.0,0.0,1.0
accuracy,0.8333333333333334,0.8333333333333334,0.8333333333333334,0.8333333333333334
macro avg,0.5102941176470588,0.7105263157894737,0.5763888888888888,24.0
weighted avg,0.8409313725490196,0.8333333333333334,0.8252314814814815,24.0
