,precision,recall,f1-score,support
business,0.9795918367346939,0.8727272727272727,0.923076923076923,55.0
government,0.9056603773584906,0.96,0.9320388349514563,150.0
industry,1.0,0.34782608695652173,0.5161290322580645,23.0
macro,0.9396325459317585,0.9835164835164835,0.9610738255033556,364.0
other,0.0,0.0,0.0,2.0
personal,0.6666666666666666,0.5555555555555556,0.606060606060606,18.0
accuracy,0.9281045751633987,0.9281045751633987,0.9281045751633987,0.9281045751633987
macro avg,0.7485919044486016,0.6199375664593055,0.6563965369750676,612.0
weighted avg,0.9260667554629768,0.9281045751633987,0.9202385410885572,612.0
