,precision,recall,f1-score,support
good,0.7222222222222222,0.8125,0.7647058823529411,16.0
irrelevant,0.7209302325581395,0.8157894736842105,0.7654320987654321,38.0
none,1.0,0.375,0.5454545454545454,8.0
poor,0.7435897435897436,0.7073170731707317,0.725,41.0
accuracy,0.7378640776699029,0.7378640776699029,0.7378640776699029,0.7378640776699029
macro avg,0.7966855495925264,0.6776516367137355,0.7001481316432296,103.0
weighted avg,0.7518260570868383,0.7378640776699029,0.7321393226637848,103.0
