,precision,recall,f1-score,support
business,0.9705882352941176,0.6,0.7415730337078652,55.0
government,0.9380530973451328,0.7066666666666667,0.8060836501901141,150.0
industry,0.7692307692307693,0.43478260869565216,0.5555555555555556,23.0
macro,0.8387850467289719,0.9862637362637363,0.9065656565656566,364.0
other,0.0,0.0,0.0,2.0
personal,0.5454545454545454,0.6666666666666666,0.6,18.0
accuracy,0.8496732026143791,0.8496732026143791,0.8496732026143791,0.8496732026143791
macro avg,0.6770186156755895,0.5657299463821203,0.601629649336532,612.0
weighted avg,0.8609780458542184,0.8496732026143791,0.8419391195263504,612.0
