,precision,recall,f1-score,support
business,0.9090909090909091,0.9090909090909091,0.9090909090909091,11.0
government,1.0,0.9473684210526315,0.972972972972973,19.0
industry,1.0,0.8,0.8888888888888888,5.0
macro,0.9516129032258065,1.0,0.9752066115702479,59.0
personal,0.75,0.6,0.6666666666666666,5.0
accuracy,0.9494949494949495,0.9494949494949495,0.9494949494949495,0.9494949494949495
macro avg,0.9221407624633432,0.8512918660287081,0.8825652098379371,99.0
weighted avg,0.9484359726295212,0.9494949494949495,0.9474894378475647,99.0
