,precision,recall,f1-score,support
business,1.0,0.9090909090909091,0.9523809523809523,11.0
government,1.0,0.9473684210526315,0.972972972972973,19.0
industry,1.0,1.0,1.0,5.0
macro,0.9516129032258065,1.0,0.9752066115702479,59.0
personal,0.75,0.6,0.6666666666666666,5.0
accuracy,0.9595959595959596,0.9595959595959596,0.9595959595959596,0.9595959595959596
macro avg,0.9403225806451612,0.8912918660287081,0.913445440718168,99.0
weighted avg,0.9585369827305312,0.9595959595959596,0.9579111149359083,99.0
