,precision,recall,f1-score,support
business,1.0,0.9090909090909091,0.9523809523809523,11.0
government,1.0,1.0,1.0,19.0
industry,1.0,1.0,1.0,5.0
macro,0.9516129032258065,1.0,0.9752066115702479,59.0
personal,1.0,0.6,0.75,5.0
accuracy,0.9696969696969697,0.9696969696969697,0.9696969696969697,0.9696969696969697
macro avg,0.9903225806451612,0.9018181818181817,0.9355175127902401,99.0
weighted avg,0.9711632453567939,0.9696969696969697,0.9673068743316677,99.0
