,precision,recall,f1-score,support
better,0.0,0.0,0.0,2.0
irrelevant,1.0,1.0,1.0,8.0
same,0.0,0.0,0.0,3.0
worse,0.42857142857142855,0.42857142857142855,0.42857142857142855,7.0
accuracy,0.55,0.55,0.55,0.55
macro avg,0.35714285714285715,0.35714285714285715,0.35714285714285715,20.0
weighted avg,0.55,0.55,0.55,20.0
