,precision,recall,f1-score,support
neg,0.48484848484848486,0.3333333333333333,0.3950617283950617,48.0
neutral,0.5,0.05,0.09090909090909091,40.0
pos,0.2222222222222222,0.7619047619047619,0.34408602150537637,21.0
accuracy,0.3119266055045872,0.3119266055045872,0.3119266055045872,0.3119266055045872
macro avg,0.4023569023569024,0.3817460317460317,0.27668561360317634,109.0
weighted avg,0.43981095357242145,0.3119266055045872,0.2736250738618303,109.0
