,precision,recall,f1-score,support
business,1.0,0.2857142857142857,0.4444444444444444,14.0
government,0.8260869565217391,0.7916666666666666,0.8085106382978723,24.0
industry,1.0,0.2222222222222222,0.36363636363636365,9.0
macro,0.8018867924528302,1.0,0.8900523560209425,85.0
personal,1.0,0.5,0.6666666666666666,6.0
accuracy,0.8188405797101449,0.8188405797101449,0.8188405797101449,0.8188405797101449
macro avg,0.9255947497949139,0.5599206349206349,0.6346620938132579,138.0
weighted avg,0.8477280022826978,0.8188405797101449,0.7866206889556416,138.0
