,precision,recall,f1-score,support
business,1.0,0.7142857142857143,0.8333333333333333,14.0
government,0.9761904761904762,0.9761904761904762,0.9761904761904762,42.0
industry,0.5,0.2,0.28571428571428575,5.0
macro,0.9367088607594937,1.0,0.9673202614379084,74.0
personal,0.25,0.5,0.3333333333333333,2.0
accuracy,0.927007299270073,0.927007299270073,0.927007299270073,0.927007299270073
macro avg,0.732579867389994,0.6780952380952381,0.6791783380018674,137.0
weighted avg,0.9293171948627922,0.927007299270073,0.9222160883818247,137.0
