,precision,recall,f1-score,support
business,0.0,0.0,0.0,12.0
government,0.0,0.0,0.0,40.0
industry,0.0,0.0,0.0,5.0
macro,0.5785714285714286,0.9878048780487805,0.7297297297297297,82.0
personal,0.0,0.0,0.0,2.0
accuracy,0.574468085106383,0.574468085106383,0.574468085106383,0.574468085106383
macro avg,0.11571428571428573,0.1975609756097561,0.14594594594594595,141.0
weighted avg,0.33647416413373865,0.574468085106383,0.4243818286371478,141.0
