,precision,recall,f1-score,support
better,0.7647058823529411,0.5909090909090909,0.6666666666666666,22.0
irrelevant,0.7317073170731707,0.7894736842105263,0.759493670886076,38.0
none,0.75,0.42857142857142855,0.5454545454545454,7.0
same,0.0,0.0,0.0,8.0
worse,0.5,0.5,0.5,26.0
accuracy,0.5841584158415841,0.5841584158415841,0.5841584158415841,0.5841584158415841
macro avg,0.5492826398852223,0.46179084073820925,0.4943229766014576,101.0
weighted avg,0.6225584897083682,0.5841584158415841,0.5974812671140532,101.0
