,precision,recall,f1-score,support
better,0.8333333333333334,0.8333333333333334,0.8333333333333334,6.0
irrelevant,0.8888888888888888,0.8888888888888888,0.8888888888888888,9.0
none,0.0,0.0,0.0,1.0
same,0.0,0.0,0.0,0.0
worse,0.6666666666666666,0.6666666666666666,0.6666666666666666,3.0
accuracy,0.7894736842105263,0.7894736842105263,0.7894736842105263,0.7894736842105263
macro avg,0.47777777777777775,0.47777777777777775,0.47777777777777775,19.0
weighted avg,0.7894736842105263,0.7894736842105263,0.7894736842105263,19.0
