,precision,recall,f1-score,support
neg,0.78125,0.8333333333333334,0.8064516129032258,30.0
neutral,0.6818181818181818,0.7894736842105263,0.7317073170731707,19.0
pos,0.88,0.7333333333333333,0.8,30.0
accuracy,0.7848101265822784,0.7848101265822784,0.7848101265822784,0.7848101265822784
macro avg,0.7810227272727271,0.7853801169590643,0.7793863099921321,79.0
weighted avg,0.7948360184119677,0.7848101265822784,0.7860251571074306,79.0
