,precision,recall,f1-score,support
business,0.972972972972973,0.972972972972973,0.972972972972973,37.0
government,0.924812030075188,0.9609375,0.942528735632184,128.0
industry,0.9090909090909091,0.47619047619047616,0.6249999999999999,21.0
macro,0.9519230769230769,0.9801980198019802,0.9658536585365853,303.0
other,0.0,0.0,0.0,1.0
personal,0.8888888888888888,0.6666666666666666,0.761904761904762,12.0
accuracy,0.9442231075697212,0.9442231075697212,0.9442231075697212,0.9442231075697212
macro avg,0.7746146463251726,0.676160939272016,0.7113766881744175,502.0
weighted avg,0.9413669480376337,0.9442231075697212,0.9393728960963388,502.0
