,precision,recall,f1-score,support
business,0.9090909090909091,1.0,0.9523809523809523,10.0
government,0.8461538461538461,0.7857142857142857,0.8148148148148148,14.0
industry,1.0,0.25,0.4,4.0
macro,0.9494949494949495,0.9791666666666666,0.9641025641025641,96.0
other,0.0,0.0,0.0,2.0
personal,0.5,0.6666666666666666,0.5714285714285714,3.0
accuracy,0.9147286821705426,0.9147286821705426,0.9147286821705426,0.9147286821705426
macro avg,0.7007899507899508,0.6135912698412698,0.6171211504544837,129.0
weighted avg,0.9115393650277371,0.9147286821705426,0.9054213085220837,129.0
