,precision,recall,f1-score,support
energy,1.0,0.6666666666666666,0.8,9.0
housing,1.0,1.0,1.0,3.0
interest,1.0,1.0,1.0,4.0
jobs,1.0,1.0,1.0,13.0
macro,0.8,1.0,0.8888888888888888,4.0
market,1.0,1.0,1.0,2.0
none,0.9545454545454546,1.0,0.9767441860465116,63.0
other,1.0,1.0,1.0,1.0
prices,0.0,0.0,0.0,1.0
accuracy,0.96,0.96,0.96,0.96
macro avg,0.8616161616161616,0.8518518518518517,0.8517370083261555,100.0
weighted avg,0.9533636363636364,0.96,0.9529043927648578,100.0
