,precision,recall,f1-score,support
good,0.0,0.0,0.0,1.0
none,1.0,0.5,0.6666666666666666,2.0
poor,0.8,1.0,0.888888888888889,8.0
accuracy,0.8181818181818182,0.8181818181818182,0.8181818181818182,0.8181818181818182
macro avg,0.6,0.5,0.5185185185185185,11.0
weighted avg,0.7636363636363637,0.8181818181818182,0.7676767676767677,11.0
