,precision,recall,f1-score,support
better,0.0,0.0,0.0,2.0
irrelevant,0.0,0.0,0.0,8.0
none,0.0,0.0,0.0,0.0
same,0.14285714285714285,0.3333333333333333,0.2,3.0
worse,0.3333333333333333,0.2857142857142857,0.3076923076923077,7.0
accuracy,0.15,0.15,0.15,0.15
macro avg,0.09523809523809523,0.12380952380952381,0.10153846153846154,20.0
weighted avg,0.13809523809523808,0.15,0.13769230769230772,20.0
