,precision,recall,f1-score,support
business,0.0,0.0,0.0,0.0
government,0.3333333333333333,1.0,0.5,3.0
industry,0.5,1.0,0.6666666666666666,1.0
macro,1.0,0.5789473684210527,0.7333333333333333,19.0
other,1.0,1.0,1.0,1.0
accuracy,0.6666666666666666,0.6666666666666666,0.6666666666666666,0.6666666666666666
macro avg,0.5666666666666667,0.7157894736842105,0.58,24.0
weighted avg,0.8958333333333334,0.6666666666666666,0.7124999999999999,24.0
