,precision,recall,f1-score,support
business,0.9795918367346939,0.8727272727272727,0.9230769230769231,55.0
government,0.9459459459459459,0.9333333333333333,0.9395973154362416,150.0
industry,0.8461538461538461,0.4782608695652174,0.6111111111111112,23.0
macro,0.946949602122016,0.9807692307692307,0.9635627530364372,364.0
other,0.3333333333333333,0.5,0.4,2.0
personal,0.5909090909090909,0.7222222222222222,0.65,18.0
accuracy,0.9313725490196079,0.9313725490196079,0.9313725490196079,0.9313725490196079
macro avg,0.7738139425331543,0.7478854881028795,0.7478913504434521,612.0
weighted avg,0.9333720046556906,0.9313725490196079,0.9297405649436041,612.0
